image,question,answer
<PIL.JpegImagePlugin.JpegImageFile image mode=RGB size=566x555 at 0x182F2CDBC50>,are regions of the brain infarcted?,yes
<PIL.JpegImagePlugin.JpegImageFile image mode=RGB size=480x503 at 0x182F2CDBED0>,are the lungs normal appearing?,no
<PIL.JpegImagePlugin.JpegImageFile image mode=RGB size=1024x1291 at 0x182F49B0050>,which organ system is abnormal in this image?,cardiovascular
<PIL.JpegImagePlugin.JpegImageFile image mode=RGB size=766x978 at 0x182F49B0190>,is the lesion causing significant brainstem herniation?,no
<PIL.JpegImagePlugin.JpegImageFile image mode=RGB size=555x693 at 0x182F49B02D0>,how was this image taken?,mri
<PIL.JpegImagePlugin.JpegImageFile image mode=RGB size=1024x655 at 0x182F49B0410>,what is the condition of the patient,blind loop syndrome
<PIL.JpegImagePlugin.JpegImageFile image mode=RGB size=1024x655 at 0x182F49B0550>,what abnormality is seen?,blind-ending loop of bowel arising from the cecum
<PIL.JpegImagePlugin.JpegImageFile image mode=RGB size=356x471 at 0x182F49B0690>,what is the location of the mass?,pineal region
<PIL.JpegImagePlugin.JpegImageFile image mode=RGB size=356x471 at 0x182F49B07D0>,where is the mass?,pineal region
<PIL.JpegImagePlugin.JpegImageFile image mode=RGB size=555x693 at 0x182F49B0910>,is this image in the transverse plane?,yes
<PIL.JpegImagePlugin.JpegImageFile image mode=RGB size=590x480 at 0x182F49B0A50>,are there any pulmonary findings?,no
<PIL.JpegImagePlugin.JpegImageFile image mode=RGB size=590x480 at 0x182F49B0B90>,are the lungs affected?,no
<PIL.JpegImagePlugin.JpegImageFile image mode=RGB size=532x768 at 0x182F49B0CD0>,in which lobe are the lesions?,bilateral frontal lobes
<PIL.JpegImagePlugin.JpegImageFile image mode=RGB size=532x768 at 0x182F49B0E10>,where are the lesions?,bilateral frontal lobes
<PIL.JpegImagePlugin.JpegImageFile image mode=RGB size=766x978 at 0x182F49B0F50>,is there herniation of the brainstem secondary to the lesion,no
<PIL.JpegImagePlugin.JpegImageFile image mode=RGB size=555x608 at 0x182F49B1090>,what type of image is this?,mri-dwi
<PIL.JpegImagePlugin.JpegImageFile image mode=RGB size=532x768 at 0x182F49B11D0>,is the gyral enhancement?,yes
<PIL.JpegImagePlugin.JpegImageFile image mode=RGB size=516x730 at 0x182F49B1310>,what is the location of the abnormality?,right colon
<PIL.JpegImagePlugin.JpegImageFile image mode=RGB size=516x730 at 0x182F49B1450>,where is the abnormal finding?,right colon
<PIL.JpegImagePlugin.JpegImageFile image mode=RGB size=1024x1245 at 0x182F49B1590>,what plane is seen?,pa
<PIL.JpegImagePlugin.JpegImageFile image mode=RGB size=400x473 at 0x182F49B16D0>,how would you describe the mass?,isointense
<PIL.JpegImagePlugin.JpegImageFile image mode=RGB size=400x473 at 0x182F49B1810>,what are the characteristics of the mass?,isointense
<PIL.JpegImagePlugin.JpegImageFile image mode=RGB size=465x540 at 0x182F49B1950>,which plane is this image taken in?,pa
<PIL.JpegImagePlugin.JpegImageFile image mode=RGB size=356x471 at 0x182F49B1A90>,is the mass hyperintense or hypointense?,hyperintense
<PIL.JpegImagePlugin.JpegImageFile image mode=RGB size=356x471 at 0x182F49B1BD0>,what is the radiological description of the mass?,hyperintense
<PIL.JpegImagePlugin.JpegImageFile image mode=RGB size=1024x1286 at 0x182F49B1D10>,is it difficult to delineate the left costophrenic angle?,yes
<PIL.JpegImagePlugin.JpegImageFile image mode=RGB size=1024x1310 at 0x182F49B1E50>,what allows for the bright areas seen in this image?,iv contrast
<PIL.JpegImagePlugin.JpegImageFile image mode=RGB size=1024x1245 at 0x182F49B1F90>,is this an mri?,no
<PIL.JpegImagePlugin.JpegImageFile image mode=RGB size=1024x1310 at 0x182F49B20D0>,is the mass heterogenous?,yes
<PIL.JpegImagePlugin.JpegImageFile image mode=RGB size=1024x1310 at 0x182F49B2210>,is the mass heterogenous in consistency?,yes
<PIL.JpegImagePlugin.JpegImageFile image mode=RGB size=555x608 at 0x182F49B2350>,are there abnormalities with in the contrast between white and grey matter?,yes
<PIL.JpegImagePlugin.JpegImageFile image mode=RGB size=555x608 at 0x182F49B2490>,is the gray-white matter junction altered?,yes
<PIL.JpegImagePlugin.JpegImageFile image mode=RGB size=1024x655 at 0x182F49B25D0>,is there evidence of inflammation?,yes
<PIL.JpegImagePlugin.JpegImageFile image mode=RGB size=1024x655 at 0x182F49B2710>,is any structure inflamed?,yes
<PIL.JpegImagePlugin.JpegImageFile image mode=RGB size=555x608 at 0x182F49B2850>,is the image in the axial plane?,yes
<PIL.JpegImagePlugin.JpegImageFile image mode=RGB size=1024x1245 at 0x182F49B2990>,how can the distribution in this image be described?,micronodular
<PIL.JpegImagePlugin.JpegImageFile image mode=RGB size=1024x1286 at 0x182F49B2AD0>,is there blunting of the left costophrenic angle?,yes
<PIL.JpegImagePlugin.JpegImageFile image mode=RGB size=1024x1245 at 0x182F49B2C10>,what type of distributions is seen on this image?,micronodular
<PIL.JpegImagePlugin.JpegImageFile image mode=RGB size=1024x1310 at 0x182F49B2D50>,what is the location of the mass?,left rectus abdominus
<PIL.JpegImagePlugin.JpegImageFile image mode=RGB size=1024x1310 at 0x182F49B2E90>,where is the mass?,left rectus abdominus
<PIL.JpegImagePlugin.JpegImageFile image mode=RGB size=532x768 at 0x182F49B2FD0>,is this a t1 weighted image?,no
<PIL.JpegImagePlugin.JpegImageFile image mode=RGB size=1024x654 at 0x182F49B3110>,is the right renal vein visualized?,no
<PIL.JpegImagePlugin.JpegImageFile image mode=RGB size=1024x654 at 0x182F49B3250>,is it possible to identify the right renal vein?,no
<PIL.JpegImagePlugin.JpegImageFile image mode=RGB size=512x512 at 0x182F49B3390>,are the kidneys visible in this image?,yes
<PIL.JpegImagePlugin.JpegImageFile image mode=RGB size=512x512 at 0x182F49B34D0>,is air visible in the bowels?,yes
<PIL.JpegImagePlugin.JpegImageFile image mode=RGB size=512x512 at 0x182F49B3610>,is there air in the bowel?,yes
<PIL.JpegImagePlugin.JpegImageFile image mode=RGB size=1024x1151 at 0x182F49B3750>,what do the two bright dots represent?,nipple location
<PIL.JpegImagePlugin.JpegImageFile image mode=RGB size=556x635 at 0x182F49B3890>,are structures associated with the midbrain located in this image?,yes
<PIL.JpegImagePlugin.JpegImageFile image mode=RGB size=1024x1151 at 0x182F49B39D0>,what are the two hyperlucent inferior dots?,nipple location
<PIL.JpegImagePlugin.JpegImageFile image mode=RGB size=512x512 at 0x182F49B3B10>,what are the locations of the hyperintensities?,bilateral frontal lobes and body of corpus callosum
<PIL.JpegImagePlugin.JpegImageFile image mode=RGB size=512x512 at 0x182F49B3C50>,where are the hyperintensities located?,bilateral frontal lobes and body of corpus callosum
<PIL.JpegImagePlugin.JpegImageFile image mode=RGB size=1024x1307 at 0x182F49B3D90>,are the kidneys visualized?,yes
<PIL.JpegImagePlugin.JpegImageFile image mode=RGB size=1024x1307 at 0x182F49B3ED0>,can you see the kidneys,yes
<PIL.JpegImagePlugin.JpegImageFile image mode=RGB size=1024x1024 at 0x182F49E0050>,is this a pa or ap film?,pa
<PIL.JpegImagePlugin.JpegImageFile image mode=RGB size=1024x1024 at 0x182F49E0190>,what laterality is this film?,pa
<PIL.JpegImagePlugin.JpegImageFile image mode=RGB size=555x753 at 0x182F49E02D0>,what artery is the embolus from?,distal basilar artery
<PIL.JpegImagePlugin.JpegImageFile image mode=RGB size=555x753 at 0x182F49E0410>,where is the embolus located?,distal basilar artery
<PIL.JpegImagePlugin.JpegImageFile image mode=RGB size=720x540 at 0x182F49E0550>,the mass is located in what region?,suprasellar
<PIL.JpegImagePlugin.JpegImageFile image mode=RGB size=556x635 at 0x182F49E0690>,is the midbrain identified in this section?,yes
<PIL.JpegImagePlugin.JpegImageFile image mode=RGB size=720x540 at 0x182F49E07D0>,where is the mass located?,suprasellar
<PIL.JpegImagePlugin.JpegImageFile image mode=RGB size=512x512 at 0x182F49E0910>,the imaging modality is...?,mri/flair
<PIL.JpegImagePlugin.JpegImageFile image mode=RGB size=512x512 at 0x182F49E0A50>,what is the image modality?,mri/flair
<PIL.JpegImagePlugin.JpegImageFile image mode=RGB size=840x1024 at 0x182F49E0B90>,is there fluid in the lungs?,no
<PIL.JpegImagePlugin.JpegImageFile image mode=RGB size=840x1024 at 0x182F49E0CD0>,is a pleural effusion present?,no
<PIL.JpegImagePlugin.JpegImageFile image mode=RGB size=512x512 at 0x182F49E0E10>,is this an axial cut?,yes
<PIL.JpegImagePlugin.JpegImageFile image mode=RGB size=1024x1151 at 0x182F49E0F50>,is the trachea deviated?,yes
<PIL.JpegImagePlugin.JpegImageFile image mode=RGB size=1024x1151 at 0x182F49E1090>,is tracheal deviation present?,yes
<PIL.JpegImagePlugin.JpegImageFile image mode=RGB size=1024x566 at 0x182F49E11D0>,what image modality is this?,ct
<PIL.JpegImagePlugin.JpegImageFile image mode=RGB size=1024x566 at 0x182F49E1310>,what imaging modality was used,ct
<PIL.JpegImagePlugin.JpegImageFile image mode=RGB size=960x1200 at 0x182F49E1450>,are there more than 5 enlarged (>1 cm) lymph nodes around the stomach,yes
<PIL.JpegImagePlugin.JpegImageFile image mode=RGB size=1024x840 at 0x182F49E1590>,are patchy infiltrates depicted?,yes
<PIL.JpegImagePlugin.JpegImageFile image mode=RGB size=1024x840 at 0x182F49E16D0>,are there patchy infiltrates present?,yes
<PIL.JpegImagePlugin.JpegImageFile image mode=RGB size=1024x1024 at 0x182F49E1810>,are the margins of the cardiac silhouette normal?,no
<PIL.JpegImagePlugin.JpegImageFile image mode=RGB size=1024x1024 at 0x182F49E1950>,is the heart border normal?,no
<PIL.JpegImagePlugin.JpegImageFile image mode=RGB size=1009x1200 at 0x182F49E1A90>,is this an axial plane,yes
<PIL.JpegImagePlugin.JpegImageFile image mode=RGB size=512x512 at 0x182F49E1BD0>,is there intrahepatic ductal dilatation?,yes
<PIL.JpegImagePlugin.JpegImageFile image mode=RGB size=512x512 at 0x182F49E1D10>,is intrahepatic ductal dilatation present?,yes
<PIL.JpegImagePlugin.JpegImageFile image mode=RGB size=800x877 at 0x182F49E1E50>,what imaging modality was used?,x-ray
<PIL.JpegImagePlugin.JpegImageFile image mode=RGB size=800x877 at 0x182F49E1F90>,what type of image is this?,x-ray
<PIL.JpegImagePlugin.JpegImageFile image mode=RGB size=1024x1286 at 0x182F49E20D0>,are air fluid levels depicted in this image?,yes
<PIL.JpegImagePlugin.JpegImageFile image mode=RGB size=960x1200 at 0x182F49E2210>,are there >5 lymph nodes located near the stomach?,yes
<PIL.JpegImagePlugin.JpegImageFile image mode=RGB size=1024x1286 at 0x182F49E2350>,is there an air fluid level present?,yes
<PIL.JpegImagePlugin.JpegImageFile image mode=RGB size=555x718 at 0x182F49E2490>,where is the pathology located?,anterior cerebrum
<PIL.JpegImagePlugin.JpegImageFile image mode=RGB size=555x718 at 0x182F49E25D0>,which region of the brain is impacted?,anterior surface
<PIL.JpegImagePlugin.JpegImageFile image mode=RGB size=512x512 at 0x182F49E2710>,is there air in the bowel?,yes
<PIL.JpegImagePlugin.JpegImageFile image mode=RGB size=512x512 at 0x182F49E2850>,is air present in the bowel?,yes
<PIL.JpegImagePlugin.JpegImageFile image mode=RGB size=531x480 at 0x182F49E2990>,what is behind the liver?,ascites
<PIL.JpegImagePlugin.JpegImageFile image mode=RGB size=531x480 at 0x182F49E2AD0>,what finding is associated with liver?,ascites
<PIL.JpegImagePlugin.JpegImageFile image mode=RGB size=555x718 at 0x182F49E2C10>,what type of image is this?,mri-flair
<PIL.JpegImagePlugin.JpegImageFile image mode=RGB size=555x718 at 0x182F49E2D50>,what imaging modality was used,mri-flair
<PIL.JpegImagePlugin.JpegImageFile image mode=RGB size=555x675 at 0x182F49E2E90>,what imaging plane is depicted here?,axial
<PIL.JpegImagePlugin.JpegImageFile image mode=RGB size=732x516 at 0x182F49E2FD0>,does the gallbladder appear distended?,yes
<PIL.JpegImagePlugin.JpegImageFile image mode=RGB size=555x675 at 0x182F49E3110>,what is the plane?,axial
<PIL.JpegImagePlugin.JpegImageFile image mode=RGB size=840x1024 at 0x182F49E3250>,is cardiomegaly shown?,yes
<PIL.JpegImagePlugin.JpegImageFile image mode=RGB size=840x1024 at 0x182F49E3390>,is the heart enlarged?,yes
<PIL.JpegImagePlugin.JpegImageFile image mode=RGB size=1024x654 at 0x182F49E34D0>,what is the location of the mass?,right kidney
<PIL.JpegImagePlugin.JpegImageFile image mode=RGB size=1024x654 at 0x182F49E3610>,where is the mass located?,right kidney
<PIL.JpegImagePlugin.JpegImageFile image mode=RGB size=1024x1286 at 0x182F49E3750>,how was this image taken?,with contrast
<PIL.JpegImagePlugin.JpegImageFile image mode=RGB size=512x512 at 0x182F49E3890>,what do the hyperintensities likely represent?,hemorrhage
<PIL.JpegImagePlugin.JpegImageFile image mode=RGB size=512x512 at 0x182F49E39D0>,what are the hyperintensities signaling?,hemorrhage
<PIL.JpegImagePlugin.JpegImageFile image mode=RGB size=1024x645 at 0x182F49E3B10>,can you see kidneys in this image,yes
<PIL.JpegImagePlugin.JpegImageFile image mode=RGB size=1009x1200 at 0x182F49E3C50>,how was this image taken?,with contrast
<PIL.JpegImagePlugin.JpegImageFile image mode=RGB size=732x516 at 0x182F49E3D90>,is the gallbladder enlarged?,yes
<PIL.JpegImagePlugin.JpegImageFile image mode=RGB size=1024x645 at 0x182F49E3ED0>,is there contrast in this image,yes
<PIL.JpegImagePlugin.JpegImageFile image mode=RGB size=1024x645 at 0x182F4A0C050>,is pericholecystic inflammation present?,yes
<PIL.JpegImagePlugin.JpegImageFile image mode=RGB size=1024x645 at 0x182F4A0C190>,what is the lighter substance around the gallbladder,pericholecystic fluid
<PIL.JpegImagePlugin.JpegImageFile image mode=RGB size=910x1006 at 0x182F4A0C2D0>,what type of imaging was used?,mr - t2 weighted
<PIL.JpegImagePlugin.JpegImageFile image mode=RGB size=910x1006 at 0x182F4A0C410>,which image modality is this?,mr - t2 weighted
<PIL.JpegImagePlugin.JpegImageFile image mode=RGB size=393x379 at 0x182F4A0C550>,what is the plane?,axial
<PIL.JpegImagePlugin.JpegImageFile image mode=RGB size=393x379 at 0x182F4A0C690>,what plane was used?,axial
<PIL.JpegImagePlugin.JpegImageFile image mode=RGB size=720x540 at 0x182F4A0C7D0>,does this image use contrast or not?,contrast
<PIL.JpegImagePlugin.JpegImageFile image mode=RGB size=720x540 at 0x182F4A0C910>,does this ct have contrast or no contrast?,contrast
<PIL.JpegImagePlugin.JpegImageFile image mode=RGB size=512x512 at 0x182F4A0CA50>,what is wrong with the pancreas?,fatty infiltration
<PIL.JpegImagePlugin.JpegImageFile image mode=RGB size=566x555 at 0x182F4A0CB90>,where is the pathology in this image?,vasculature
<PIL.JpegImagePlugin.JpegImageFile image mode=RGB size=1024x1105 at 0x182F4A0CCD0>,is this image plane taken inferior to the liver?,yes
<PIL.JpegImagePlugin.JpegImageFile image mode=RGB size=512x512 at 0x182F4A0CE10>,what pathology does the pancreas deominstrate?,fatty infiltration
<PIL.JpegImagePlugin.JpegImageFile image mode=RGB size=531x480 at 0x182F4A0CF50>,is the liver cirrhotic?,yes
<PIL.JpegImagePlugin.JpegImageFile image mode=RGB size=1024x1307 at 0x182F4A0D090>,what organ exhibits pathology,jejunum
<PIL.JpegImagePlugin.JpegImageFile image mode=RGB size=1024x1307 at 0x182F4A0D1D0>,which part of the bowel is involved by the mass?,jejunum
<PIL.JpegImagePlugin.JpegImageFile image mode=RGB size=1024x645 at 0x182F4A0D310>,what plane are we in?,axial
<PIL.JpegImagePlugin.JpegImageFile image mode=RGB size=393x379 at 0x182F4A0D450>,what is the modality used?,mr - adc map
<PIL.JpegImagePlugin.JpegImageFile image mode=RGB size=393x379 at 0x182F4A0D590>,what imaging method was used?,mr - adc map
<PIL.JpegImagePlugin.JpegImageFile image mode=RGB size=800x877 at 0x182F4A0D6D0>,what is at the base of the right lung?,nodules
<PIL.JpegImagePlugin.JpegImageFile image mode=RGB size=800x877 at 0x182F4A0D810>,what pathology is shown at the lung bases?,nodules
<PIL.JpegImagePlugin.JpegImageFile image mode=RGB size=1024x1151 at 0x182F4A0D950>,is this a pa film?,yes
<PIL.JpegImagePlugin.JpegImageFile image mode=RGB size=896x767 at 0x182F4A0DA90>,is there any shift of midline structures visible in this section?,no
<PIL.JpegImagePlugin.JpegImageFile image mode=RGB size=1024x1151 at 0x182F4A0DBD0>,what image modality is this?,x-ray
<PIL.JpegImagePlugin.JpegImageFile image mode=RGB size=1024x1286 at 0x182F4A0DD10>,is this an axial plane?,yes
<PIL.JpegImagePlugin.JpegImageFile image mode=RGB size=531x480 at 0x182F4A0DE50>,is this a ct image?,yes
<PIL.JpegImagePlugin.JpegImageFile image mode=RGB size=1024x1286 at 0x182F4A0DF90>,the abscess is located in what structure?,descending colon
<PIL.JpegImagePlugin.JpegImageFile image mode=RGB size=1024x1286 at 0x182F4A0E0D0>,where is the abscess located?,descending colon
<PIL.JpegImagePlugin.JpegImageFile image mode=RGB size=555x753 at 0x182F4A0E210>,where are the hyperlucencies located?,"thalami, left occipital lobe, brainstem and left cerebellum"
<PIL.JpegImagePlugin.JpegImageFile image mode=RGB size=555x753 at 0x182F4A0E350>,which areas are lighting up?,"thalami, left occipital lobe, brainstem and left cerebellum"
<PIL.JpegImagePlugin.JpegImageFile image mode=RGB size=1024x566 at 0x182F4A0E490>,are there multiple septations within the cyst?,yes
<PIL.JpegImagePlugin.JpegImageFile image mode=RGB size=1024x566 at 0x182F4A0E5D0>,is the cyst complex?,yes
<PIL.JpegImagePlugin.JpegImageFile image mode=RGB size=1024x566 at 0x182F4A0E710>,what organ is involved?,pancreas
<PIL.JpegImagePlugin.JpegImageFile image mode=RGB size=896x767 at 0x182F4A0E850>,is there shifting of structures across the middle?,no
<PIL.JpegImagePlugin.JpegImageFile image mode=RGB size=1024x566 at 0x182F4A0E990>,which organ is affected?,pancreas
<PIL.JpegImagePlugin.JpegImageFile image mode=RGB size=1024x1286 at 0x182F4A0EAD0>,where are the kidneys located?,adjacent to vertebrae
<PIL.JpegImagePlugin.JpegImageFile image mode=RGB size=512x512 at 0x182F4A0EC10>,is there contrast in this image?,yes
<PIL.JpegImagePlugin.JpegImageFile image mode=RGB size=512x512 at 0x182F4A0ED50>,is there evidence of mesenteric lymphadenopathy?,yes
<PIL.JpegImagePlugin.JpegImageFile image mode=RGB size=512x512 at 0x182F4A0EE90>,is mesenteric lymphadenopathy present?,yes
<PIL.JpegImagePlugin.JpegImageFile image mode=RGB size=555x675 at 0x182F4A0EFD0>,what imaging modality was used?,mr - flair
<PIL.JpegImagePlugin.JpegImageFile image mode=RGB size=555x675 at 0x182F4A0F110>,what type of image modality is this?,mr - flair
<PIL.JpegImagePlugin.JpegImageFile image mode=RGB size=1024x645 at 0x182F4A0F250>,is the right conal fascia inflammed?,yes
<PIL.JpegImagePlugin.JpegImageFile image mode=RGB size=1024x645 at 0x182F4A0F390>,is inflammation present at the right conal fascia?,yes
<PIL.JpegImagePlugin.JpegImageFile image mode=RGB size=531x480 at 0x182F4A0F4D0>,what organ is enlarged?,spleen
<PIL.JpegImagePlugin.JpegImageFile image mode=RGB size=1024x1105 at 0x182F4A0F610>,is there evidence of a small bowel obstruction with perforated viscus on this ct?,yes
<PIL.JpegImagePlugin.JpegImageFile image mode=RGB size=531x480 at 0x182F4A0F750>,which organ is abnormally large?,spleen
<PIL.JpegImagePlugin.JpegImageFile image mode=RGB size=720x540 at 0x182F4A0F890>,what does the enhancing periphery of the mass represent?,calcification
<PIL.JpegImagePlugin.JpegImageFile image mode=RGB size=720x540 at 0x182F4A0F9D0>,what is the outer rim of the mass?,calcification
<PIL.JpegImagePlugin.JpegImageFile image mode=RGB size=1024x840 at 0x182F4A0FB10>,blunting of the costophrenic angles indicate what condition?,pleural effusion
<PIL.JpegImagePlugin.JpegImageFile image mode=RGB size=1024x840 at 0x182F4A0FC50>,what does the blunting of the costophrenic angles indicate?,pleural effusion
<PIL.JpegImagePlugin.JpegImageFile image mode=RGB size=1009x1200 at 0x182F4A0FD90>,what are the two bright images on either side,hip bones
<PIL.JpegImagePlugin.JpegImageFile image mode=RGB size=1024x850 at 0x182F4A0FED0>,is there hilar adenopathy?,yes
<PIL.JpegImagePlugin.JpegImageFile image mode=RGB size=1024x840 at 0x1828E198050>,is the et tube properly placed?,yes
<PIL.JpegImagePlugin.JpegImageFile image mode=RGB size=1024x642 at 0x1828E198190>,is there perinephric fat stranding?,yes
<PIL.JpegImagePlugin.JpegImageFile image mode=RGB size=512x512 at 0x1828E1982D0>,which plane is the image in?,axial
<PIL.JpegImagePlugin.JpegImageFile image mode=RGB size=1024x1105 at 0x1828E198410>,is there evidence of a pneumoperitoneum secondary to a perforation?,yes
<PIL.JpegImagePlugin.JpegImageFile image mode=RGB size=555x640 at 0x1828E198550>,is this a singular or multilobulated lesion?,multilobulated
<PIL.JpegImagePlugin.JpegImageFile image mode=RGB size=1024x842 at 0x1828E198690>,is there cardiomegaly?,yes
<PIL.JpegImagePlugin.JpegImageFile image mode=RGB size=446x438 at 0x1828E1987D0>,are the sulci visible in this image?,no
<PIL.JpegImagePlugin.JpegImageFile image mode=RGB size=512x512 at 0x1828E198910>,what imaging modality was used?,ct
<PIL.JpegImagePlugin.JpegImageFile image mode=RGB size=673x827 at 0x1828E198A50>,is the trachea midline?,yes
<PIL.JpegImagePlugin.JpegImageFile image mode=RGB size=643x768 at 0x1828E198B90>,are there any fractures in this image?,no
<PIL.JpegImagePlugin.JpegImageFile image mode=RGB size=960x1200 at 0x1828E198CD0>,was the patient given iv contrast?,yes
<PIL.JpegImagePlugin.JpegImageFile image mode=RGB size=960x1200 at 0x1828E198E10>,is there contrast in the patient's vasculature?,yes
<PIL.JpegImagePlugin.JpegImageFile image mode=RGB size=1024x1295 at 0x1828E198F50>,is there pleural thickening in the r lung?,yes
<PIL.JpegImagePlugin.JpegImageFile image mode=RGB size=512x512 at 0x1828E199090>,is iv contrast used?,yes
<PIL.JpegImagePlugin.JpegImageFile image mode=RGB size=337x451 at 0x1828E1991D0>,is there edema in the patient's right temporal lobe?,yes
<PIL.JpegImagePlugin.JpegImageFile image mode=RGB size=512x512 at 0x1828E199310>,is this process bilateral?,yes
<PIL.JpegImagePlugin.JpegImageFile image mode=RGB size=1024x553 at 0x1828E199450>,is the sigmoid colon visualized at this axial section?,yes
<PIL.JpegImagePlugin.JpegImageFile image mode=RGB size=480x502 at 0x1828E199590>,is there a pneumothorax?,yes
<PIL.JpegImagePlugin.JpegImageFile image mode=RGB size=263x324 at 0x1828E1996D0>,is the abnormality hyper intense?,yes
<PIL.JpegImagePlugin.JpegImageFile image mode=RGB size=341x428 at 0x1828E199810>,is there ring-enhancement?,yes
<PIL.JpegImagePlugin.JpegImageFile image mode=RGB size=1024x964 at 0x1828E199950>,is there air in the lesion?,no
<PIL.JpegImagePlugin.JpegImageFile image mode=RGB size=256x256 at 0x1828E199A90>,what part of the posterior brain contains the lesions?,temporal and lateral occipital lobes
<PIL.JpegImagePlugin.JpegImageFile image mode=RGB size=1024x842 at 0x1828E199BD0>,which lung are the nodules located in?,bilateral
<PIL.JpegImagePlugin.JpegImageFile image mode=RGB size=366x433 at 0x1828E199D10>,what is the signal intensity of the lesion?,mixed intensity
<PIL.JpegImagePlugin.JpegImageFile image mode=RGB size=355x482 at 0x1828E199E50>,is there a shift of midline structures?,no
<PIL.JpegImagePlugin.JpegImageFile image mode=RGB size=337x451 at 0x1828E199F90>,is there evidence of cytotoxic edema in the right temporal lobe?,yes
<PIL.JpegImagePlugin.JpegImageFile image mode=RGB size=329x434 at 0x1828E19A0D0>,in what lobe of the brain is the lesion located?,right temporal lobe
<PIL.JpegImagePlugin.JpegImageFile image mode=RGB size=896x767 at 0x1828E19A210>,are the cerebellar infarcts hyper attenuated?,yes
<PIL.JpegImagePlugin.JpegImageFile image mode=RGB size=1024x1248 at 0x1828E19A350>,is this patient intubated?,no
<PIL.JpegImagePlugin.JpegImageFile image mode=RGB size=469x373 at 0x1828E19A490>,where is the spleen located?,on the left
<PIL.JpegImagePlugin.JpegImageFile image mode=RGB size=469x373 at 0x1828E19A5D0>,is the spleen present?,yes
<PIL.JpegImagePlugin.JpegImageFile image mode=RGB size=512x512 at 0x1828E19A710>,how many gallstones are identified?,4
<PIL.JpegImagePlugin.JpegImageFile image mode=RGB size=385x514 at 0x1828E19A850>,what would be the most probably diagnosis for this patient?,acute stroke
<PIL.JpegImagePlugin.JpegImageFile image mode=RGB size=1024x1310 at 0x1828E19A990>,why is the left hemithorax more lucent?,decreased muscle bulk
<PIL.JpegImagePlugin.JpegImageFile image mode=RGB size=1024x654 at 0x1828E19AAD0>,how big is the mass?,6.5 x 6.2 x 8.8cm
<PIL.JpegImagePlugin.JpegImageFile image mode=RGB size=1024x842 at 0x1828E19AC10>,is there a rib fracture?,no
<PIL.JpegImagePlugin.JpegImageFile image mode=RGB size=766x978 at 0x1828E19AD50>,does the mass have a smooth appearing border?,yes
<PIL.JpegImagePlugin.JpegImageFile image mode=RGB size=1024x840 at 0x1828E19AE90>,are there decreased lung markings in the right upper lung field?,yes
<PIL.JpegImagePlugin.JpegImageFile image mode=RGB size=555x692 at 0x1828E19AFD0>,is there an brain bleed?,no
<PIL.JpegImagePlugin.JpegImageFile image mode=RGB size=910x1138 at 0x1828E19B110>,what is the term for the sign in this image?,right vertebral artery sign
<PIL.JpegImagePlugin.JpegImageFile image mode=RGB size=996x1128 at 0x1828E19B250>,are there increased interstitial markings?,yes
<PIL.JpegImagePlugin.JpegImageFile image mode=RGB size=1024x1310 at 0x1828E19B390>,is the mass in the left or right side?,left
<PIL.JpegImagePlugin.JpegImageFile image mode=RGB size=1024x572 at 0x1828E19B4D0>,is the corpus callosum involved?,yes
<PIL.JpegImagePlugin.JpegImageFile image mode=RGB size=899x925 at 0x1828E19B610>,which side is the diaphragm more depressed?,left
<PIL.JpegImagePlugin.JpegImageFile image mode=RGB size=925x1125 at 0x1828E19B750>,is there pneumoperitoneum?,no
<PIL.JpegImagePlugin.JpegImageFile image mode=RGB size=555x619 at 0x1828E19B890>,how large is the mass?,5cm
<PIL.JpegImagePlugin.JpegImageFile image mode=RGB size=512x512 at 0x1828E19B9D0>,is there grey-white matter differentiation?,yes
<PIL.JpegImagePlugin.JpegImageFile image mode=RGB size=766x978 at 0x1828E19BB10>,is the mass well-defined?,yes
<PIL.JpegImagePlugin.JpegImageFile image mode=RGB size=1024x753 at 0x1828E19BC50>,is there any lesion in the ventricles?,yes
<PIL.JpegImagePlugin.JpegImageFile image mode=RGB size=555x759 at 0x1828E19BD90>,is the lesion on the right or left side of the brain?,right
<PIL.JpegImagePlugin.JpegImageFile image mode=RGB size=1011x1200 at 0x1828E19BED0>,is there cardiac enlargement?,yes
<PIL.JpegImagePlugin.JpegImageFile image mode=RGB size=1024x1053 at 0x1828E1C4050>,is there bilateral hilar enlargement?,yes
<PIL.JpegImagePlugin.JpegImageFile image mode=RGB size=337x451 at 0x1828E1C4190>,are the orbits in view of this image?,yes
<PIL.JpegImagePlugin.JpegImageFile image mode=RGB size=1024x1090 at 0x1828E1C42D0>,where is the abnormality located?,r hemidiaphragm
<PIL.JpegImagePlugin.JpegImageFile image mode=RGB size=1024x1314 at 0x1828E1C4410>,is there ectatic or aneurysmal enlargement of the abdominal aorta?,no
<PIL.JpegImagePlugin.JpegImageFile image mode=RGB size=732x516 at 0x1828E1C4550>,are the kidneys hyper attenuated?,yes
<PIL.JpegImagePlugin.JpegImageFile image mode=RGB size=1024x1286 at 0x1828E1C4690>,is there a fracture in the vertebrae seen?,no
<PIL.JpegImagePlugin.JpegImageFile image mode=RGB size=1024x1307 at 0x1828E1C47D0>,is the aorta visualized?,yes
<PIL.JpegImagePlugin.JpegImageFile image mode=RGB size=766x980 at 0x1828E1C4910>,is there contrast in the colonic lumen?,yes
<PIL.JpegImagePlugin.JpegImageFile image mode=RGB size=910x1138 at 0x1828E1C4A50>,what is the size of the lesion,almost entire right side
<PIL.JpegImagePlugin.JpegImageFile image mode=RGB size=768x872 at 0x1828E1C4B90>,what part of the body does this radiograph show?,chest
<PIL.JpegImagePlugin.JpegImageFile image mode=RGB size=1024x1304 at 0x1828E1C4CD0>,is this an abnormal film?,yes
<PIL.JpegImagePlugin.JpegImageFile image mode=RGB size=1024x1304 at 0x1828E1C4E10>,is there a cavitary lesion?,yes
<PIL.JpegImagePlugin.JpegImageFile image mode=RGB size=480x480 at 0x1828E1C4F50>,the increased signal is a result of what material?,fluid
<PIL.JpegImagePlugin.JpegImageFile image mode=RGB size=768x908 at 0x1828E1C5090>,what does the abnormality in this image represent?,infarct
<PIL.JpegImagePlugin.JpegImageFile image mode=RGB size=1024x846 at 0x1828E1C51D0>,is there a pneumothorax present?,no
<PIL.JpegImagePlugin.JpegImageFile image mode=RGB size=980x892 at 0x1828E1C5310>,is the contrast in the bowels or the vasculature?,in the vasculature
<PIL.JpegImagePlugin.JpegImageFile image mode=RGB size=1024x1080 at 0x1828E1C5450>,is the heart enlarged?,yes
<PIL.JpegImagePlugin.JpegImageFile image mode=RGB size=556x635 at 0x1828E1C5590>,what structures is identified in the middle of this image?,pons
<PIL.JpegImagePlugin.JpegImageFile image mode=RGB size=1024x1291 at 0x1828E1C56D0>,is there a pneumothorax?,no
<PIL.JpegImagePlugin.JpegImageFile image mode=RGB size=766x980 at 0x1828E1C5810>,was the patient given oral contrast?,yes
<PIL.JpegImagePlugin.JpegImageFile image mode=RGB size=555x693 at 0x1828E1C5950>,is there bleeding in the brain?,no
<PIL.JpegImagePlugin.JpegImageFile image mode=RGB size=833x794 at 0x1828E1C5A90>,is there evidence of a pleural effusion?,no
<PIL.JpegImagePlugin.JpegImageFile image mode=RGB size=768x864 at 0x1828E1C5BD0>,what type of image modality is used?,mri
<PIL.JpegImagePlugin.JpegImageFile image mode=RGB size=768x768 at 0x1828E1C5D10>,is there restricted diffusion?,no
<PIL.JpegImagePlugin.JpegImageFile image mode=RGB size=960x720 at 0x1828E1C5E50>,is there an acute bleed present?,necrotic tissue
<PIL.JpegImagePlugin.JpegImageFile image mode=RGB size=1024x1022 at 0x1828E1C5F90>,what type of imaging is this?,xray
<PIL.JpegImagePlugin.JpegImageFile image mode=RGB size=1024x800 at 0x1828E1C60D0>,are the lateral ventricles viewed in this section?,yes
<PIL.JpegImagePlugin.JpegImageFile image mode=RGB size=512x512 at 0x1828E1C6210>,how many kidneys are visualizable in this image?,2
<PIL.JpegImagePlugin.JpegImageFile image mode=RGB size=987x1200 at 0x1828E1C6350>,is the trachea midline?,midline
<PIL.JpegImagePlugin.JpegImageFile image mode=RGB size=766x980 at 0x1828E1C6490>,is there evidence of free peritoneal fluid?,no
<PIL.JpegImagePlugin.JpegImageFile image mode=RGB size=1024x585 at 0x1828E1C65D0>,is the celiac trunk visualized and patent?,yes
<PIL.JpegImagePlugin.JpegImageFile image mode=RGB size=1024x1310 at 0x1828E1C6710>,is the liver abnormal?,no
<PIL.JpegImagePlugin.JpegImageFile image mode=RGB size=555x601 at 0x1828E1C6850>,is the cerebellum seen on this axial section?,no
<PIL.JpegImagePlugin.JpegImageFile image mode=RGB size=689x688 at 0x1828E1C6990>,what do the masses contain?,fat
<PIL.JpegImagePlugin.JpegImageFile image mode=RGB size=502x333 at 0x1828E1C6AD0>,is there bone in the top of the image?,no
<PIL.JpegImagePlugin.JpegImageFile image mode=RGB size=986x1200 at 0x1828E1C6C10>,what organ is superimposed on the lung fields?,breasts
<PIL.JpegImagePlugin.JpegImageFile image mode=RGB size=1024x1012 at 0x1828E1C6D50>,is the image normal?,no
<PIL.JpegImagePlugin.JpegImageFile image mode=RGB size=512x512 at 0x1828E1C6E90>,is the left renal cyst uniform?,yes
<PIL.JpegImagePlugin.JpegImageFile image mode=RGB size=1024x1023 at 0x1828E1C6FD0>,which side is the abnormality on?,right
<PIL.JpegImagePlugin.JpegImageFile image mode=RGB size=396x432 at 0x1828E1C7110>,is there blurring of the grey-white matter junction?,no
<PIL.JpegImagePlugin.JpegImageFile image mode=RGB size=1024x1245 at 0x1828E1C7250>,is there a calcification on the upper left lobe?,no
<PIL.JpegImagePlugin.JpegImageFile image mode=RGB size=1024x585 at 0x1828E1C7390>,is the celiac trunk visualized?,yes
<PIL.JpegImagePlugin.JpegImageFile image mode=RGB size=415x495 at 0x1828E1C74D0>,is this image abnormal?,yes
<PIL.JpegImagePlugin.JpegImageFile image mode=RGB size=1024x1023 at 0x1828E1C7610>,which lung has diffuse opacification?,right
<PIL.JpegImagePlugin.JpegImageFile image mode=RGB size=512x512 at 0x1828E1C7750>,is there evidence of pneumoperitoneum?,no
<PIL.JpegImagePlugin.JpegImageFile image mode=RGB size=720x540 at 0x1828E1C7890>,what modality is used in this image?,ct
<PIL.JpegImagePlugin.JpegImageFile image mode=RGB size=444x469 at 0x1828E1C79D0>,is this image abnormal?,yes
<PIL.JpegImagePlugin.JpegImageFile image mode=RGB size=987x1200 at 0x1828E1C7B10>,what does the abnormal contour of the left hilum suggest in terms of pathology?,double arch
<PIL.JpegImagePlugin.JpegImageFile image mode=RGB size=867x979 at 0x1828E1C7C50>,are the clavicles broken?,no
<PIL.JpegImagePlugin.JpegImageFile image mode=RGB size=1024x1157 at 0x1828E1C7D90>,the cystic findings in the bilateral apices are consistent with what pathology?,emphysema
<PIL.JpegImagePlugin.JpegImageFile image mode=RGB size=1024x1193 at 0x1828E1C7ED0>,is there anything wrong with the lungs?,no
<PIL.JpegImagePlugin.JpegImageFile image mode=RGB size=960x720 at 0x1828E1F8050>,how would you describe the sulci in this image?,reduced sulci
<PIL.JpegImagePlugin.JpegImageFile image mode=RGB size=1024x585 at 0x1828E1F8190>,is the celiac trunk patent?,yes
<PIL.JpegImagePlugin.JpegImageFile image mode=RGB size=500x677 at 0x1828E1F82D0>,is this picture abnormal?,yes
<PIL.JpegImagePlugin.JpegImageFile image mode=RGB size=512x512 at 0x1828E1F8410>,what does the black area signify?,black
<PIL.JpegImagePlugin.JpegImageFile image mode=RGB size=555x600 at 0x1828E1F8550>,what side of the brain is the lesion on?,right
<PIL.JpegImagePlugin.JpegImageFile image mode=RGB size=512x512 at 0x1828E1F8690>,is this image abnormal?,yes
<PIL.JpegImagePlugin.JpegImageFile image mode=RGB size=555x608 at 0x1828E1F87D0>,are the ventricles smaller than normal?,yes
<PIL.JpegImagePlugin.JpegImageFile image mode=RGB size=531x480 at 0x1828E1F8910>,was contrast used?,yes
<PIL.JpegImagePlugin.JpegImageFile image mode=RGB size=800x713 at 0x1828E1F8A50>,is the mass heterogeneous or homogeneous in appearance?,heterogeneous
<PIL.JpegImagePlugin.JpegImageFile image mode=RGB size=400x473 at 0x1828E1F8B90>,is there a fracture of the skull?,no
<PIL.JpegImagePlugin.JpegImageFile image mode=RGB size=976x903 at 0x1828E1F8CD0>,what is the gender of this patient?,man
<PIL.JpegImagePlugin.JpegImageFile image mode=RGB size=1024x842 at 0x1828E1F8E10>,is the heart greater than 50% of the chest diameter,yes
<PIL.JpegImagePlugin.JpegImageFile image mode=RGB size=1024x585 at 0x1828E1F8F50>,is the celiac trunk able to be visualized in this patient and is it open?,yes
<PIL.JpegImagePlugin.JpegImageFile image mode=RGB size=768x1020 at 0x1828E1F9090>,is this image normal?,no
<PIL.JpegImagePlugin.JpegImageFile image mode=RGB size=400x453 at 0x1828E1F91D0>,how many ring enhancing lesions can be found in this image?,one
<PIL.JpegImagePlugin.JpegImageFile image mode=RGB size=1024x842 at 0x1828E1F9310>,is there consolidation in the lungs?,no
<PIL.JpegImagePlugin.JpegImageFile image mode=RGB size=1019x1280 at 0x1828E1F9450>,which orientation is the image acquired?,pa
<PIL.JpegImagePlugin.JpegImageFile image mode=RGB size=1024x645 at 0x1828E1F9590>,is the gallbladder wall thickened?,yes
<PIL.JpegImagePlugin.JpegImageFile image mode=RGB size=350x367 at 0x1828E1F96D0>,is the finding normal?,no
<PIL.JpegImagePlugin.JpegImageFile image mode=RGB size=1024x1307 at 0x1828E1F9810>,what imaging modality is used?,xray
<PIL.JpegImagePlugin.JpegImageFile image mode=RGB size=1024x765 at 0x1828E1F9950>,is the liver normal?,yes
<PIL.JpegImagePlugin.JpegImageFile image mode=RGB size=512x512 at 0x1828E1F9A90>,is there mass effect?,yes
<PIL.JpegImagePlugin.JpegImageFile image mode=RGB size=465x540 at 0x1828E1F9BD0>,is there a nodule in the left lung?,no
<PIL.JpegImagePlugin.JpegImageFile image mode=RGB size=1024x585 at 0x1828E1F9D10>,is the celiac trunk able to be visualized in this patient?,yes
<PIL.JpegImagePlugin.JpegImageFile image mode=RGB size=350x407 at 0x1828E1F9E50>,what is the hyperdensity in the image?,infarct
<PIL.JpegImagePlugin.JpegImageFile image mode=RGB size=555x747 at 0x1828E1F9F90>,is there contrast in the vasculature?,no
<PIL.JpegImagePlugin.JpegImageFile image mode=RGB size=1024x421 at 0x1828E1FA0D0>,was this patient given iv contrast?,yes
<PIL.JpegImagePlugin.JpegImageFile image mode=RGB size=1024x557 at 0x1828E1FA210>,are any intestinal abnormalities present?,no
<PIL.JpegImagePlugin.JpegImageFile image mode=RGB size=420x512 at 0x1828E1FA350>,is there a pneumothorax present?,yes
<PIL.JpegImagePlugin.JpegImageFile image mode=RGB size=1001x1280 at 0x1828E1FA490>,is the stomach visualized here?,no
<PIL.JpegImagePlugin.JpegImageFile image mode=RGB size=910x1138 at 0x1828E1FA5D0>,is the lesion uniform in density?,no
<PIL.JpegImagePlugin.JpegImageFile image mode=RGB size=1024x842 at 0x1828E1FA710>,are the ribs broken?,no
<PIL.JpegImagePlugin.JpegImageFile image mode=RGB size=1024x805 at 0x1828E1FA850>,is there adequate inspiration?,yes
<PIL.JpegImagePlugin.JpegImageFile image mode=RGB size=393x379 at 0x1828E1FA990>,which side was affected?,left
<PIL.JpegImagePlugin.JpegImageFile image mode=RGB size=1024x585 at 0x1828E1FAAD0>,is the celiac trunk open?,yes
<PIL.JpegImagePlugin.JpegImageFile image mode=RGB size=1024x873 at 0x1828E1FAC10>,are there rib fractures present?,no
<PIL.JpegImagePlugin.JpegImageFile image mode=RGB size=337x411 at 0x1828E1FAD50>,in what lobes are the lesions located?,bilateral parietal lobes
<PIL.JpegImagePlugin.JpegImageFile image mode=RGB size=589x623 at 0x1828E1FAE90>,is there an ng tube present?,yes
<PIL.JpegImagePlugin.JpegImageFile image mode=RGB size=423x465 at 0x1828E1FAFD0>,is there a blood clot?,yes
<PIL.JpegImagePlugin.JpegImageFile image mode=RGB size=388x542 at 0x1828E1FB110>,what is on the differential?,chronic sinusitis vs. hemorrhage
<PIL.JpegImagePlugin.JpegImageFile image mode=RGB size=1024x1142 at 0x1828E1FB250>,is the trachea midline?,yes
<PIL.JpegImagePlugin.JpegImageFile image mode=RGB size=389x461 at 0x1828E1FB390>,is the lesion ring enhancing?,yes
<PIL.JpegImagePlugin.JpegImageFile image mode=RGB size=1024x1056 at 0x1828E1FB4D0>,is there free air under the diaphragm?,no
<PIL.JpegImagePlugin.JpegImageFile image mode=RGB size=1024x1105 at 0x1828E1FB610>,is this patient lying supine?,yes
<PIL.JpegImagePlugin.JpegImageFile image mode=RGB size=1024x1304 at 0x1828E1FB750>,is the cardiac contour normal in shape?,yes
<PIL.JpegImagePlugin.JpegImageFile image mode=RGB size=896x767 at 0x1828E1FB890>,was this image taken without motion artifact,yes
<PIL.JpegImagePlugin.JpegImageFile image mode=RGB size=512x385 at 0x1828E1FB9D0>,is the pancreas edematous?,yes
<PIL.JpegImagePlugin.JpegImageFile image mode=RGB size=1024x1309 at 0x1828E1FBB10>,are there rib fractures present?,yes
<PIL.JpegImagePlugin.JpegImageFile image mode=RGB size=512x512 at 0x1828E1FBC50>,is there air-fluid levels?,yes
<PIL.JpegImagePlugin.JpegImageFile image mode=RGB size=512x512 at 0x1828E1FBD90>,what is the image plane?,axial
<PIL.JpegImagePlugin.JpegImageFile image mode=RGB size=444x532 at 0x1828E1FBED0>,is the image normal?,no
<PIL.JpegImagePlugin.JpegImageFile image mode=RGB size=444x507 at 0x1828E228050>,in what plane is the above image?,axial
<PIL.JpegImagePlugin.JpegImageFile image mode=RGB size=386x386 at 0x1828E228190>,what is abnormal about the image?,white matter plaques
<PIL.JpegImagePlugin.JpegImageFile image mode=RGB size=1024x1500 at 0x1828E2282D0>,is there a mediastinal shift?,yes
<PIL.JpegImagePlugin.JpegImageFile image mode=RGB size=512x512 at 0x1828E228410>,is the contrast in the bowels or the vasculature?,in the bowels
<PIL.JpegImagePlugin.JpegImageFile image mode=RGB size=840x1024 at 0x1828E228550>,what imaging modality is used?,plain film xray
<PIL.JpegImagePlugin.JpegImageFile image mode=RGB size=1024x1105 at 0x1828E228690>,was this image taken with patient in symmetrical supine position?,yes
<PIL.JpegImagePlugin.JpegImageFile image mode=RGB size=988x728 at 0x1828E2287D0>,what plane is the image in?,axial
<PIL.JpegImagePlugin.JpegImageFile image mode=RGB size=1024x1286 at 0x1828E228910>,is there abnormal air present under the diaphragm?,no
<PIL.JpegImagePlugin.JpegImageFile image mode=RGB size=777x686 at 0x182F2B63390>,is the skull fractured?,no
<PIL.JpegImagePlugin.JpegImageFile image mode=RGB size=1024x654 at 0x1828E228A50>,is there contrast in the bowels?,in the bowels
<PIL.JpegImagePlugin.JpegImageFile image mode=RGB size=555x642 at 0x1828E228B90>,how would you describe the r vertebral artery shape?,short section irregular contour
<PIL.JpegImagePlugin.JpegImageFile image mode=RGB size=861x913 at 0x1828E228CD0>,is there a pneumothorax present?,no
<PIL.JpegImagePlugin.JpegImageFile image mode=RGB size=847x643 at 0x1828E228E10>,are there air fluid levels?,yes
<PIL.JpegImagePlugin.JpegImageFile image mode=RGB size=766x766 at 0x1828E228F50>,how many masses are there?,one
<PIL.JpegImagePlugin.JpegImageFile image mode=RGB size=260x335 at 0x1828E229090>,is there evidence of grey matter edema?,yes
<PIL.JpegImagePlugin.JpegImageFile image mode=RGB size=512x512 at 0x1828E2291D0>,what type of mr image modality is seen?,t2 weighted
<PIL.JpegImagePlugin.JpegImageFile image mode=RGB size=556x635 at 0x1828E229310>,is this an image of the right and left temporal lobes?,yes
<PIL.JpegImagePlugin.JpegImageFile image mode=RGB size=1024x1310 at 0x1828E229450>,is there fat in these masses?,yes
<PIL.JpegImagePlugin.JpegImageFile image mode=RGB size=512x512 at 0x1828E229590>,how many kidneys are in this image?,2
<PIL.JpegImagePlugin.JpegImageFile image mode=RGB size=1024x1159 at 0x1828E2296D0>,is there a fracture of the clavicle?,no
<PIL.JpegImagePlugin.JpegImageFile image mode=RGB size=1024x652 at 0x1828E229810>,in what plane is the ct scan?,axial
<PIL.JpegImagePlugin.JpegImageFile image mode=RGB size=316x418 at 0x1828E229950>,is there mass effect from the lesion?,no
<PIL.JpegImagePlugin.JpegImageFile image mode=RGB size=512x512 at 0x1828E229A90>,the enhancing soft tissue mass and fluid seen in the left upper quadrant is consistent with what pathology?,abscess
<PIL.JpegImagePlugin.JpegImageFile image mode=RGB size=1024x759 at 0x1828E229BD0>,are the kidneys in this image abnormal?,yes
<PIL.JpegImagePlugin.JpegImageFile image mode=RGB size=555x695 at 0x1828E229D10>,is the mass enhancing?,no
<PIL.JpegImagePlugin.JpegImageFile image mode=RGB size=448x512 at 0x1828E229E50>,is there a shift of midline structures?,yes
<PIL.JpegImagePlugin.JpegImageFile image mode=RGB size=905x1022 at 0x1828E229F90>,what does this represent?,hydropneumothorax
<PIL.JpegImagePlugin.JpegImageFile image mode=RGB size=566x555 at 0x1828E22A0D0>,what type of imaging is this?,mri diffusion weighted
<PIL.JpegImagePlugin.JpegImageFile image mode=RGB size=800x713 at 0x1828E22A210>,are the liver 	splee n	stomac h	and esophagus all visualized in this image?,yes
<PIL.JpegImagePlugin.JpegImageFile image mode=RGB size=1024x1286 at 0x1828E22A350>,does the patient have a central line placed?,yes
<PIL.JpegImagePlugin.JpegImageFile image mode=RGB size=960x720 at 0x1828E22A490>,does the l sided lesion enhance?,yes
<PIL.JpegImagePlugin.JpegImageFile image mode=RGB size=1024x642 at 0x1828E22A5D0>,which organ contains the air-fluid level?,stomach
<PIL.JpegImagePlugin.JpegImageFile image mode=RGB size=1024x1187 at 0x1828E22A710>,how many masses are there?,one
<PIL.JpegImagePlugin.JpegImageFile image mode=RGB size=1024x1291 at 0x1828E22A850>,are the findings normal?,yes
<PIL.JpegImagePlugin.JpegImageFile image mode=RGB size=555x576 at 0x1828E22A990>,what type of thrombosis is shown?,basilar artery thrombosis
<PIL.JpegImagePlugin.JpegImageFile image mode=RGB size=1024x870 at 0x1828E22AAD0>,is the heart too big?,no
<PIL.JpegImagePlugin.JpegImageFile image mode=RGB size=1024x656 at 0x1828E22AC10>,where is the liver?,right
<PIL.JpegImagePlugin.JpegImageFile image mode=RGB size=555x691 at 0x1828E22AD50>,do the ventricles have blood in them?,yes
<PIL.JpegImagePlugin.JpegImageFile image mode=RGB size=1024x758 at 0x1828E22AE90>,are the cystic and common bile ducts dilated?,yes
<PIL.JpegImagePlugin.JpegImageFile image mode=RGB size=1024x1105 at 0x1828E22AFD0>,does the gi contrast hi-light the small bowel?,yes
<PIL.JpegImagePlugin.JpegImageFile image mode=RGB size=766x978 at 0x1828E22B110>,is the cerebellum in view?,yes
<PIL.JpegImagePlugin.JpegImageFile image mode=RGB size=1024x703 at 0x1828E22B250>,is there contrast used in the above image?,yes
<PIL.JpegImagePlugin.JpegImageFile image mode=RGB size=708x514 at 0x1828E22B390>,is there contrast present in the bowel?,in the bowel
<PIL.JpegImagePlugin.JpegImageFile image mode=RGB size=630x768 at 0x1828E22B4D0>,is there cardiomegaly?,no
<PIL.JpegImagePlugin.JpegImageFile image mode=RGB size=512x512 at 0x1828E22B610>,how many masses are there?,one
<PIL.JpegImagePlugin.JpegImageFile image mode=RGB size=781x703 at 0x1828E22B750>,anything abnormal in this image?,no
<PIL.JpegImagePlugin.JpegImageFile image mode=RGB size=512x512 at 0x1828E22B890>,is the gall bladder enlarged?,no
<PIL.JpegImagePlugin.JpegImageFile image mode=RGB size=302x318 at 0x1828E22B9D0>,is there contrast used?,no
<PIL.JpegImagePlugin.JpegImageFile image mode=RGB size=601x743 at 0x1828E22BB10>,what type of contrast agent is used in this mri?,gadolinium
<PIL.JpegImagePlugin.JpegImageFile image mode=RGB size=512x510 at 0x1828E22BC50>,is there restricted diffusion?,no
<PIL.JpegImagePlugin.JpegImageFile image mode=RGB size=1024x1105 at 0x1828E22BD90>,is there oral contrast in the patient's small bowel?,yes
<PIL.JpegImagePlugin.JpegImageFile image mode=RGB size=356x471 at 0x1828E22BED0>,is there mass effect?,no
<PIL.JpegImagePlugin.JpegImageFile image mode=RGB size=436x531 at 0x1828E258050>,is a pneumothorax present?,yes
<PIL.JpegImagePlugin.JpegImageFile image mode=RGB size=910x1006 at 0x1828E258190>,does this scan represent an abnormality?,no
<PIL.JpegImagePlugin.JpegImageFile image mode=RGB size=1024x1310 at 0x1828E2582D0>,is the heart clearly visible?,no
<PIL.JpegImagePlugin.JpegImageFile image mode=RGB size=1024x566 at 0x1828E258410>,are calcifications present?,yes
<PIL.JpegImagePlugin.JpegImageFile image mode=RGB size=1024x1286 at 0x1828E258550>,was contrast used?,yes
<PIL.JpegImagePlugin.JpegImageFile image mode=RGB size=1024x1307 at 0x1828E258690>,is the trachea midline?,in the midline
<PIL.JpegImagePlugin.JpegImageFile image mode=RGB size=512x512 at 0x1828E2587D0>,what imaging modality was used?,ct
<PIL.JpegImagePlugin.JpegImageFile image mode=RGB size=967x1176 at 0x1828E258910>,are the findings normal?,no
<PIL.JpegImagePlugin.JpegImageFile image mode=RGB size=739x942 at 0x1828E258A50>,are there rib fractures present?,no
<PIL.JpegImagePlugin.JpegImageFile image mode=RGB size=1024x1105 at 0x1828E258B90>,is there enlargement of the abdominal aorta on this image?,no
<PIL.JpegImagePlugin.JpegImageFile image mode=RGB size=512x512 at 0x1828E258CD0>,what plane is this image?,axial
<PIL.JpegImagePlugin.JpegImageFile image mode=RGB size=419x512 at 0x1828E258E10>,is the trachea midline?,yes
<PIL.JpegImagePlugin.JpegImageFile image mode=RGB size=459x381 at 0x1828E258F50>,did this patient receive iv contrast?,yes
<PIL.JpegImagePlugin.JpegImageFile image mode=RGB size=459x381 at 0x1828E259090>,was iv contrast given to the patient?,yes
<PIL.JpegImagePlugin.JpegImageFile image mode=RGB size=260x335 at 0x1828E2591D0>,is the csf radiolucent or radioopaque?,radiolucent
<PIL.JpegImagePlugin.JpegImageFile image mode=RGB size=260x335 at 0x1828E259310>,what is the intensity signal of csf?,hypointense
<PIL.JpegImagePlugin.JpegImageFile image mode=RGB size=355x482 at 0x1828E259450>,are the ventricles larger than normal?,yes
<PIL.JpegImagePlugin.JpegImageFile image mode=RGB size=355x482 at 0x1828E259590>,is there enlargement of the ventricles,yes
<PIL.JpegImagePlugin.JpegImageFile image mode=RGB size=1024x842 at 0x1828E2596D0>,are there multiple circumferential opacities located throughout all lung fields?,yes
<PIL.JpegImagePlugin.JpegImageFile image mode=RGB size=1024x842 at 0x1828E259810>,does this chest x-ray show signs of diffuse opacities in both right and left lung fields?,yes
<PIL.JpegImagePlugin.JpegImageFile image mode=RGB size=1024x1105 at 0x1828E259950>,is the abdominal aorta large in size?,no
<PIL.JpegImagePlugin.JpegImageFile image mode=RGB size=459x381 at 0x1828E259A90>,was this image taken via mri?,no
<PIL.JpegImagePlugin.JpegImageFile image mode=RGB size=260x335 at 0x1828E259BD0>,what modality is this image taken?,mri
<PIL.JpegImagePlugin.JpegImageFile image mode=RGB size=396x432 at 0x1828E259D10>,is this image taken from the top slice of the brain?,no
<PIL.JpegImagePlugin.JpegImageFile image mode=RGB size=396x432 at 0x1828E259E50>,was this image taken from a superior-most section of the brain?,no
<PIL.JpegImagePlugin.JpegImageFile image mode=RGB size=1024x1314 at 0x1828E259F90>,what imaging modality is seen here?,ct
<PIL.JpegImagePlugin.JpegImageFile image mode=RGB size=1024x1314 at 0x1828E25A0D0>,was this image taken with an mri or ct scanner?,ct
<PIL.JpegImagePlugin.JpegImageFile image mode=RGB size=448x512 at 0x1828E25A210>,what plane of section is the brain taken in?,axial
<PIL.JpegImagePlugin.JpegImageFile image mode=RGB size=448x512 at 0x1828E25A350>,what cut of the brain is this image taken?,axial
<PIL.JpegImagePlugin.JpegImageFile image mode=RGB size=1024x1142 at 0x1828E25A490>,can you view the colon in this image?,yes
<PIL.JpegImagePlugin.JpegImageFile image mode=RGB size=512x512 at 0x1828E25A5D0>,is the transverse colon in view?,yes
<PIL.JpegImagePlugin.JpegImageFile image mode=RGB size=1024x1304 at 0x1828E25A710>,are the costophrenic angles sharp?,yes
<PIL.JpegImagePlugin.JpegImageFile image mode=RGB size=555x564 at 0x1828E25A850>,is the csf enhanced or non enhanced?,non-enhanced
<PIL.JpegImagePlugin.JpegImageFile image mode=RGB size=555x564 at 0x1828E25A990>,how is the csf enhancement characterized?,non-enhanced
<PIL.JpegImagePlugin.JpegImageFile image mode=RGB size=459x381 at 0x1828E25AAD0>,are the air fluid levels located in colon?,yes
<PIL.JpegImagePlugin.JpegImageFile image mode=RGB size=833x794 at 0x1828E25AC10>,what plane was this chest film taken in?,ap
<PIL.JpegImagePlugin.JpegImageFile image mode=RGB size=833x794 at 0x1828E25AD50>,is this an ap or pa film?,ap
<PIL.JpegImagePlugin.JpegImageFile image mode=RGB size=1024x1314 at 0x1828E25AE90>,what is the section level of this image?,mid abdomen
<PIL.JpegImagePlugin.JpegImageFile image mode=RGB size=1024x1314 at 0x1828E25AFD0>,where is this slice located in the human body?,mid abdomen
<PIL.JpegImagePlugin.JpegImageFile image mode=RGB size=1024x842 at 0x1828E25B110>,what type of radiograph is this?,chest radiograph
<PIL.JpegImagePlugin.JpegImageFile image mode=RGB size=1024x984 at 0x1828E25B250>,is this patient rotated?,no
<PIL.JpegImagePlugin.JpegImageFile image mode=RGB size=1024x984 at 0x1828E25B390>,was the patient positioned inappropriately?,no
<PIL.JpegImagePlugin.JpegImageFile image mode=RGB size=1024x1304 at 0x1828E25B4D0>,is there no evidence of blunting of the costophrenic angles?,yes
<PIL.JpegImagePlugin.JpegImageFile image mode=RGB size=1024x800 at 0x1828E25B610>,"is this a t1 weighted, t2 weighted, or flair image?",flair
<PIL.JpegImagePlugin.JpegImageFile image mode=RGB size=1024x800 at 0x1828E25B750>,is this mri taken with flair protocol?,yes
<PIL.JpegImagePlugin.JpegImageFile image mode=RGB size=260x335 at 0x1828E25B890>,is this image of a saggital plane?,no
<PIL.JpegImagePlugin.JpegImageFile image mode=RGB size=1024x1142 at 0x1828E25B9D0>,what structure is seen in the left hemidiaphragmatic area?,sigmoid flexture of the colon
<PIL.JpegImagePlugin.JpegImageFile image mode=RGB size=1024x1142 at 0x1828E25BB10>,what structure is superimposed on the left hemidiaphragm?,sigmoid flexture of the colon
<PIL.JpegImagePlugin.JpegImageFile image mode=RGB size=1024x842 at 0x1828E25BC50>,is there right hemidiaphragm elevation?,yes
<PIL.JpegImagePlugin.JpegImageFile image mode=RGB size=1024x842 at 0x1828E25BD90>,is the right hemidiaphragm higher than the left?,yes
<PIL.JpegImagePlugin.JpegImageFile image mode=RGB size=512x515 at 0x1828E25BED0>,is the jejunal wall enlarged?,yes
<PIL.JpegImagePlugin.JpegImageFile image mode=RGB size=512x515 at 0x1831015C050>,is there thickening of the jejunum,yes
<PIL.JpegImagePlugin.JpegImageFile image mode=RGB size=720x540 at 0x1831015C190>,where is the gastric bubble located?,underneath the right hemidiaphragm
<PIL.JpegImagePlugin.JpegImageFile image mode=RGB size=986x1200 at 0x1831015C2D0>,is the lung parenchyma well visualized?,yes
<PIL.JpegImagePlugin.JpegImageFile image mode=RGB size=720x540 at 0x1831015C410>,where is the gastric bubble placed?,underneath the right hemidiaphragm
<PIL.JpegImagePlugin.JpegImageFile image mode=RGB size=1024x842 at 0x1831015C550>,what was this image taken with?,x-ray
<PIL.JpegImagePlugin.JpegImageFile image mode=RGB size=355x482 at 0x1831015C690>,what is the location of the brain mass?,posterior fossa
<PIL.JpegImagePlugin.JpegImageFile image mode=RGB size=355x482 at 0x1831015C7D0>,where is the mass located?,posterior fossa
<PIL.JpegImagePlugin.JpegImageFile image mode=RGB size=720x540 at 0x1831015C910>,is the heart contour backwards?,yes
<PIL.JpegImagePlugin.JpegImageFile image mode=RGB size=720x540 at 0x1831015CA50>,is the heart contour a mirror image of normal?,yes
<PIL.JpegImagePlugin.JpegImageFile image mode=RGB size=396x432 at 0x1831015CB90>,what organ is this image of?,brain
<PIL.JpegImagePlugin.JpegImageFile image mode=RGB size=555x601 at 0x1831015CCD0>,does the left temporal lobe appear normal?,no
<PIL.JpegImagePlugin.JpegImageFile image mode=RGB size=555x601 at 0x1831015CE10>,is there a lesion in the left temporal lobe?,yes
<PIL.JpegImagePlugin.JpegImageFile image mode=RGB size=512x512 at 0x1831015CF50>,what brain territory is the hemorrhage located?,right sylvian fissure
<PIL.JpegImagePlugin.JpegImageFile image mode=RGB size=896x767 at 0x1831015D090>,has the brainstem herniated?,no
<PIL.JpegImagePlugin.JpegImageFile image mode=RGB size=512x512 at 0x1831015D1D0>,which fissure is the hemorrhage located?,right sylvian fissure
<PIL.JpegImagePlugin.JpegImageFile image mode=RGB size=555x564 at 0x1831015D310>,is this a saggital brain section?,no
<PIL.JpegImagePlugin.JpegImageFile image mode=RGB size=555x564 at 0x1831015D450>,is this a saggital view of the brain?,no
<PIL.JpegImagePlugin.JpegImageFile image mode=RGB size=1024x1142 at 0x1831015D590>,what vein is the central venous catheter located in the patient?,right subclavian vein
<PIL.JpegImagePlugin.JpegImageFile image mode=RGB size=1024x1142 at 0x1831015D6D0>,where is the central venous catheter placed?,right subclavian vein
<PIL.JpegImagePlugin.JpegImageFile image mode=RGB size=512x512 at 0x1831015D810>,is the aorta visible in this section?,yes
<PIL.JpegImagePlugin.JpegImageFile image mode=RGB size=512x512 at 0x1831015D950>,is the aorta in view?,yes
<PIL.JpegImagePlugin.JpegImageFile image mode=RGB size=512x515 at 0x1831015DA90>,are the kidneys hyper attenuated?,yes
<PIL.JpegImagePlugin.JpegImageFile image mode=RGB size=512x515 at 0x1831015DBD0>,do the kidneys show a high level of contrast enhancement?,yes
<PIL.JpegImagePlugin.JpegImageFile image mode=RGB size=512x512 at 0x1831015DD10>,are both kidneys in view?,yes
<PIL.JpegImagePlugin.JpegImageFile image mode=RGB size=896x767 at 0x1831015DE50>,is there evidence of brainstem herniation in this section,no
<PIL.JpegImagePlugin.JpegImageFile image mode=RGB size=512x512 at 0x1831015DF90>,are both kidneys visible?,yes
<PIL.JpegImagePlugin.JpegImageFile image mode=RGB size=766x980 at 0x1831015E0D0>,does the appendix appear normal or abnormal?,normal
<PIL.JpegImagePlugin.JpegImageFile image mode=RGB size=766x980 at 0x1831015E210>,is there appendix normal or abnormal in appearance?,normal
<PIL.JpegImagePlugin.JpegImageFile image mode=RGB size=512x512 at 0x1831015E350>,what plane of the abdomen is this image?,axial
<PIL.JpegImagePlugin.JpegImageFile image mode=RGB size=1024x1142 at 0x1831015E490>,is this a chest radiograph?,yes
<PIL.JpegImagePlugin.JpegImageFile image mode=RGB size=1024x984 at 0x1831015E5D0>,does the heart border appear normal?,yes
<PIL.JpegImagePlugin.JpegImageFile image mode=RGB size=1024x984 at 0x1831015E710>,is there a normal contour of the heart?,yes
<PIL.JpegImagePlugin.JpegImageFile image mode=RGB size=1024x1142 at 0x1831015E850>,is this an ap or pa film?,pa
<PIL.JpegImagePlugin.JpegImageFile image mode=RGB size=1024x553 at 0x1831015E990>,what form of contrast did the patient receive?,oral and iv
<PIL.JpegImagePlugin.JpegImageFile image mode=RGB size=1024x553 at 0x1831015EAD0>,what types of contrast did this patient have?,oral and iv
<PIL.JpegImagePlugin.JpegImageFile image mode=RGB size=566x555 at 0x1831015EC10>,what organ system is pictured?,the brain
<PIL.JpegImagePlugin.JpegImageFile image mode=RGB size=1024x1286 at 0x1831015ED50>,are the heart and lungs displayed well in this film,yes
<PIL.JpegImagePlugin.JpegImageFile image mode=RGB size=1024x842 at 0x1831015EE90>,is the heart enlarged?,no
<PIL.JpegImagePlugin.JpegImageFile image mode=RGB size=1024x842 at 0x1831015EFD0>,is there evidence of cardiomegaly?,no
<PIL.JpegImagePlugin.JpegImageFile image mode=RGB size=459x381 at 0x1831015F110>,what cut of the body is this image?,axial
<PIL.JpegImagePlugin.JpegImageFile image mode=RGB size=720x540 at 0x1831015F250>,is this an ap or pa film?,pa
<PIL.JpegImagePlugin.JpegImageFile image mode=RGB size=720x540 at 0x1831015F390>,how was this film taken?,pa
<PIL.JpegImagePlugin.JpegImageFile image mode=RGB size=1024x1142 at 0x1831015F4D0>,are the ground glass opacities located more in the apex or base of the lung?,base
<PIL.JpegImagePlugin.JpegImageFile image mode=RGB size=1024x1142 at 0x1831015F610>,what parts of the lung fields contain the most prominent ground glass opacities?,lower lung fields
<PIL.JpegImagePlugin.JpegImageFile image mode=RGB size=1024x553 at 0x1831015F750>,what is located in the sigmoid colon?,diverticuli
<PIL.JpegImagePlugin.JpegImageFile image mode=RGB size=1024x553 at 0x1831015F890>,what are the findings in the sigmoid colon?,diverticuli
<PIL.JpegImagePlugin.JpegImageFile image mode=RGB size=1024x800 at 0x1831015F9D0>,what brain region demonstrates edema?,basal ganglia
<PIL.JpegImagePlugin.JpegImageFile image mode=RGB size=1024x1304 at 0x1831015FB10>,any abnormal findings in the lower lung fields?,no
<PIL.JpegImagePlugin.JpegImageFile image mode=RGB size=1024x800 at 0x1831015FC50>,what area of the brain is edematous?,basal ganglia
<PIL.JpegImagePlugin.JpegImageFile image mode=RGB size=766x980 at 0x1831015FD90>,what type of plane is this image of?,axial
<PIL.JpegImagePlugin.JpegImageFile image mode=RGB size=766x980 at 0x1831015FED0>,what plane was this image taken in?,axial
<PIL.JpegImagePlugin.JpegImageFile image mode=RGB size=512x512 at 0x18310188050>,what is the muscle adjacent to the vertebrae?,psoas major muscle
<PIL.JpegImagePlugin.JpegImageFile image mode=RGB size=512x512 at 0x18310188190>,what muscle surrounds the vertebrae?,psoas major muscle
<PIL.JpegImagePlugin.JpegImageFile image mode=RGB size=260x335 at 0x183101882D0>,what section is this image?,axial
<PIL.JpegImagePlugin.JpegImageFile image mode=RGB size=260x335 at 0x18310188410>,what plane is this image taken?,axial
<PIL.JpegImagePlugin.JpegImageFile image mode=RGB size=512x512 at 0x18310188550>,is there oral contrast located in the colon?,yes
<PIL.JpegImagePlugin.JpegImageFile image mode=RGB size=512x512 at 0x18310188690>,is there oral contrast in the colon?,yes
<PIL.JpegImagePlugin.JpegImageFile image mode=RGB size=512x512 at 0x183101887D0>,what category is the hemmorhage?,subarachnoid
<PIL.JpegImagePlugin.JpegImageFile image mode=RGB size=1024x1304 at 0x18310188910>,are the lower lung fields normal?,yes
<PIL.JpegImagePlugin.JpegImageFile image mode=RGB size=512x512 at 0x18310188A50>,what type of hemorrhage is shown?,subarachnoid
<PIL.JpegImagePlugin.JpegImageFile image mode=RGB size=512x512 at 0x18310188B90>,did this patient receive iv contrast?,yes
<PIL.JpegImagePlugin.JpegImageFile image mode=RGB size=512x512 at 0x18310188CD0>,was iv contrast given to the patient?,yes
<PIL.JpegImagePlugin.JpegImageFile image mode=RGB size=396x432 at 0x18310188E10>,does the csf have high signal intensity?,yes
<PIL.JpegImagePlugin.JpegImageFile image mode=RGB size=396x432 at 0x18310188F50>,is there high signal intensity in the csf?,yes
<PIL.JpegImagePlugin.JpegImageFile image mode=RGB size=396x432 at 0x18310189090>,what modality is this image taken?,mri
<PIL.JpegImagePlugin.JpegImageFile image mode=RGB size=555x564 at 0x183101891D0>,"is this a t1 weighted, t2 weighted, or flair image?",flair
<PIL.JpegImagePlugin.JpegImageFile image mode=RGB size=555x564 at 0x18310189310>,what is the mri modality depicted in this image?,flair
<PIL.JpegImagePlugin.JpegImageFile image mode=RGB size=766x980 at 0x18310189450>,what contrast was administered to this patient?,oral and iv
<PIL.JpegImagePlugin.JpegImageFile image mode=RGB size=766x980 at 0x18310189590>,what types of contrast does this patient have?,oral and iv
<PIL.JpegImagePlugin.JpegImageFile image mode=RGB size=1024x815 at 0x183101896D0>,is the mass loculated?,yes
<PIL.JpegImagePlugin.JpegImageFile image mode=RGB size=448x512 at 0x18310189810>,which half the cerebellum is the largest mass located?,right
<PIL.JpegImagePlugin.JpegImageFile image mode=RGB size=448x512 at 0x18310189950>,which side of the cerebellum contains the largest mass?,right
<PIL.JpegImagePlugin.JpegImageFile image mode=RGB size=260x335 at 0x18310189A90>,what organ is this image of?,brain
<PIL.JpegImagePlugin.JpegImageFile image mode=RGB size=512x515 at 0x18310189BD0>,does this image use gi contrast?,yes
<PIL.JpegImagePlugin.JpegImageFile image mode=RGB size=512x515 at 0x18310189D10>,is this a contrast enhanced image?,yes
<PIL.JpegImagePlugin.JpegImageFile image mode=RGB size=448x512 at 0x18310189E50>,what type of modality was this image taken?,mri - t2 weighted
<PIL.JpegImagePlugin.JpegImageFile image mode=RGB size=448x512 at 0x18310189F90>,what is the mr weighting in this image?,mri - t2 weighted
<PIL.JpegImagePlugin.JpegImageFile image mode=RGB size=512x512 at 0x1831018A0D0>,where are the densities identified in the patient?,posterior to the gastric antrum
<PIL.JpegImagePlugin.JpegImageFile image mode=RGB size=512x512 at 0x1831018A210>,what are the hyperattenuations located around the patient?,ribs
<PIL.JpegImagePlugin.JpegImageFile image mode=RGB size=833x794 at 0x1831018A350>,is there cardiomegaly?,no
<PIL.JpegImagePlugin.JpegImageFile image mode=RGB size=1024x815 at 0x1831018A490>,is there a loculated pancreatic mass?,yes
<PIL.JpegImagePlugin.JpegImageFile image mode=RGB size=833x794 at 0x1831018A5D0>,is the heart enlarged?,no
<PIL.JpegImagePlugin.JpegImageFile image mode=RGB size=1024x553 at 0x1831018A710>,what are the internal morphologic features of this mass?,cystic
<PIL.JpegImagePlugin.JpegImageFile image mode=RGB size=1024x553 at 0x1831018A850>,is this a cystic or solid mass?,cystic
<PIL.JpegImagePlugin.JpegImageFile image mode=RGB size=512x512 at 0x1831018A990>,does this ct use iv contrast material?,no
<PIL.JpegImagePlugin.JpegImageFile image mode=RGB size=512x512 at 0x1831018AAD0>,is this a contrast or non contrast ct?,non-contrast
<PIL.JpegImagePlugin.JpegImageFile image mode=RGB size=1024x842 at 0x1831018AC10>,is this a pa film?,yes
<PIL.JpegImagePlugin.JpegImageFile image mode=RGB size=1024x1307 at 0x1831018AD50>,is there any costophrenic angle blunting present?,no
<PIL.JpegImagePlugin.JpegImageFile image mode=RGB size=1024x1307 at 0x1831018AE90>,is there presence of any costophrenic angle blunting?,no
<PIL.JpegImagePlugin.JpegImageFile image mode=RGB size=512x512 at 0x1831018AFD0>,what part of the cns is this image showing?,brain
<PIL.JpegImagePlugin.JpegImageFile image mode=RGB size=480x502 at 0x1831018B110>,do you see a pleural effusion?,no
<PIL.JpegImagePlugin.JpegImageFile image mode=RGB size=1023x1161 at 0x1831018B250>,what organ system is evaluated primarily?,gi
<PIL.JpegImagePlugin.JpegImageFile image mode=RGB size=480x502 at 0x1831018B390>,is there a pleural effusion present?,no
<PIL.JpegImagePlugin.JpegImageFile image mode=RGB size=768x864 at 0x1831018B4D0>,are the ventricles visualized in this image?,no
<PIL.JpegImagePlugin.JpegImageFile image mode=RGB size=768x864 at 0x1831018B610>,are you able to see the ventricles in this image?,no
<PIL.JpegImagePlugin.JpegImageFile image mode=RGB size=1024x1170 at 0x1831018B750>,the lesion is located where in this image?,right lobe of the liver
<PIL.JpegImagePlugin.JpegImageFile image mode=RGB size=1024x1170 at 0x1831018B890>,where is the lesion located in this image?,right lobe of the liver
<PIL.JpegImagePlugin.JpegImageFile image mode=RGB size=512x512 at 0x1831018B9D0>,in which vessel is calcification present?,aorta
<PIL.JpegImagePlugin.JpegImageFile image mode=RGB size=512x512 at 0x1831018BB10>,the calcification is located in what vessel?,aorta
<PIL.JpegImagePlugin.JpegImageFile image mode=RGB size=512x512 at 0x1831018BC50>,what condition is found in the above image?,right subdural hematoma
<PIL.JpegImagePlugin.JpegImageFile image mode=RGB size=512x512 at 0x1831018BD90>,what pathology is seen in this image?,right subdural hematoma
<PIL.JpegImagePlugin.JpegImageFile image mode=RGB size=720x540 at 0x1831018BED0>,in what organ do you see swelling?,appendix
<PIL.JpegImagePlugin.JpegImageFile image mode=RGB size=512x512 at 0x183101BC050>,are there gallstones?,yes
<PIL.JpegImagePlugin.JpegImageFile image mode=RGB size=720x540 at 0x183101BC190>,what organ is edematous in this image?,appendix
<PIL.JpegImagePlugin.JpegImageFile image mode=RGB size=1024x703 at 0x183101BC2D0>,this image is suspicious of what cancerous pathology?,hepatocellular carcioma
<PIL.JpegImagePlugin.JpegImageFile image mode=RGB size=1024x703 at 0x183101BC410>,what cancer does this patient have?,hepatocellular carcioma
<PIL.JpegImagePlugin.JpegImageFile image mode=RGB size=302x318 at 0x183101BC550>,is this a noncontrast ct?,yes
<PIL.JpegImagePlugin.JpegImageFile image mode=RGB size=444x507 at 0x183101BC690>,the infarcts seen are most likely what type?,punctate
<PIL.JpegImagePlugin.JpegImageFile image mode=RGB size=444x507 at 0x183101BC7D0>,what types of infarcts are these most likely?,punctate
<PIL.JpegImagePlugin.JpegImageFile image mode=RGB size=1024x842 at 0x183101BC910>,is this a pneumonia vs. pleural effusion?,pleural effusion
<PIL.JpegImagePlugin.JpegImageFile image mode=RGB size=1024x842 at 0x183101BCA50>,is a pneumonia or pleural effusion seen in this image?,pleural effusion
<PIL.JpegImagePlugin.JpegImageFile image mode=RGB size=480x502 at 0x183101BCB90>,how was this film taken?,pa
<PIL.JpegImagePlugin.JpegImageFile image mode=RGB size=1024x842 at 0x183101BCCD0>,"on what side of the body is there pathology, and what is it?",right sided pleural effusion
<PIL.JpegImagePlugin.JpegImageFile image mode=RGB size=512x512 at 0x183101BCE10>,are gallstones present?,yes
<PIL.JpegImagePlugin.JpegImageFile image mode=RGB size=1024x842 at 0x183101BCF50>,what is the pathology?,right sided pleural effusion
<PIL.JpegImagePlugin.JpegImageFile image mode=RGB size=1024x842 at 0x183101BD090>,what pathology is seen int his image?,right sided pleural effusion
<PIL.JpegImagePlugin.JpegImageFile image mode=RGB size=1024x842 at 0x183101BD1D0>,what pathology is seen int his image? what side?,right sided pleural effusion
<PIL.JpegImagePlugin.JpegImageFile image mode=RGB size=1024x842 at 0x183101BD310>,on what side of the body is there pathology?,right sided pleural effusion
<PIL.JpegImagePlugin.JpegImageFile image mode=RGB size=1024x842 at 0x183101BD450>,what side is the pathology?,right sided pleural effusion
<PIL.JpegImagePlugin.JpegImageFile image mode=RGB size=1024x842 at 0x183101BD590>,is there deviation in the trachea?,no
<PIL.JpegImagePlugin.JpegImageFile image mode=RGB size=1024x842 at 0x183101BD6D0>,is there tracheal deviation?,no
<PIL.JpegImagePlugin.JpegImageFile image mode=RGB size=1024x1175 at 0x183101BD810>,what organ system is highlighted by contrast?,gi
<PIL.JpegImagePlugin.JpegImageFile image mode=RGB size=512x512 at 0x183101BD950>,describe the intensity of the abnormality seen in this image? (central vs. surrounding),central hyperintensity and surrounding hypointensity
<PIL.JpegImagePlugin.JpegImageFile image mode=RGB size=512x512 at 0x183101BDA90>,how would you describe the central and surrounding intesities of the abnormality seen?,central hyperintensity and surrounding hypointensity
<PIL.JpegImagePlugin.JpegImageFile image mode=RGB size=1024x1090 at 0x183101BDBD0>,is the left hemidiaphragm normal?,yes
<PIL.JpegImagePlugin.JpegImageFile image mode=RGB size=768x864 at 0x183101BDD10>,is the pathology seen hyperintense or hypointense in nature?,hyperintense
<PIL.JpegImagePlugin.JpegImageFile image mode=RGB size=768x864 at 0x183101BDE50>,is the abnormality hyperintense or hypointense?,hyperintense
<PIL.JpegImagePlugin.JpegImageFile image mode=RGB size=1024x1170 at 0x183101BDF90>,the contrast is enhancing what inside the lesion?,calcifications
<PIL.JpegImagePlugin.JpegImageFile image mode=RGB size=1024x1170 at 0x183101BE0D0>,what is enhanced by contrast in the lesion?,calcifications
<PIL.JpegImagePlugin.JpegImageFile image mode=RGB size=1024x1170 at 0x183101BE210>,describe the density of this lesion?,"5.6cm focal, predominantly hypodense"
<PIL.JpegImagePlugin.JpegImageFile image mode=RGB size=1024x1170 at 0x183101BE350>,what is the density of the lesion?,"5.6cm focal, predominantly hypodense"
<PIL.JpegImagePlugin.JpegImageFile image mode=RGB size=1024x1170 at 0x183101BE490>,describe the size of this lesion?,"5.6cm focal, predominantly hypodense"
<PIL.JpegImagePlugin.JpegImageFile image mode=RGB size=1024x1170 at 0x183101BE5D0>,what is the size of the lesion?,"5.6cm focal, predominantly hypodense"
<PIL.JpegImagePlugin.JpegImageFile image mode=RGB size=1024x1170 at 0x183101BE710>,describe the size and density of this lesion?,"5.6cm focal, predominantly hypodense"
<PIL.JpegImagePlugin.JpegImageFile image mode=RGB size=1024x1170 at 0x183101BE850>,what is the size and density of the lesion?,"5.6cm focal, predominantly hypodense"
<PIL.JpegImagePlugin.JpegImageFile image mode=RGB size=1024x1295 at 0x183101BE990>,is this a chest x-ray?,yes
<PIL.JpegImagePlugin.JpegImageFile image mode=RGB size=1024x703 at 0x183101BEAD0>,what vascular problem is seen above?,portal vein occlusion
<PIL.JpegImagePlugin.JpegImageFile image mode=RGB size=1024x703 at 0x183101BEC10>,what vein is occluded?,portal vein
<PIL.JpegImagePlugin.JpegImageFile image mode=RGB size=480x502 at 0x183101BED50>,do you see cardiomegaly?,no
<PIL.JpegImagePlugin.JpegImageFile image mode=RGB size=480x502 at 0x183101BEE90>,is cardiomegaly present?,no
<PIL.JpegImagePlugin.JpegImageFile image mode=RGB size=1024x1175 at 0x183101BEFD0>,is this an axial plane image?,yes
<PIL.JpegImagePlugin.JpegImageFile image mode=RGB size=302x318 at 0x183101BF110>,why are there no sulci seen in this image?,there is massive cerebral hemisphere edema
<PIL.JpegImagePlugin.JpegImageFile image mode=RGB size=302x318 at 0x183101BF250>,why do you not see sulci in the image?,there is massive cerebral hemisphere edema
<PIL.JpegImagePlugin.JpegImageFile image mode=RGB size=480x502 at 0x183101BF390>,is this a kub film?,no
<PIL.JpegImagePlugin.JpegImageFile image mode=RGB size=302x318 at 0x183101BF4D0>,is a noncontrast ct the first imaging test for a suspected brain bleed?,yes
<PIL.JpegImagePlugin.JpegImageFile image mode=RGB size=1024x652 at 0x183101BF610>,what plane is this image in?,axial
<PIL.JpegImagePlugin.JpegImageFile image mode=RGB size=480x503 at 0x183101BF750>,is there a fracture?,no
<PIL.JpegImagePlugin.JpegImageFile image mode=RGB size=555x759 at 0x183101BF890>,how would you describe the lesion?,ring-enhancing lesion
<PIL.JpegImagePlugin.JpegImageFile image mode=RGB size=1024x842 at 0x183101BF9D0>,is the heart size abnormal?,yes
<PIL.JpegImagePlugin.JpegImageFile image mode=RGB size=512x512 at 0x183101BFB10>,in what plane was this image taken?,axial
<PIL.JpegImagePlugin.JpegImageFile image mode=RGB size=512x512 at 0x183101BFC50>,what plane was this image taken in?,axial
<PIL.JpegImagePlugin.JpegImageFile image mode=RGB size=768x872 at 0x183101BFD90>,the image has an abnormality located where?,retrocardiac
<PIL.JpegImagePlugin.JpegImageFile image mode=RGB size=768x872 at 0x183101BFED0>,where is the abnormality located in this image?,retrocardiac
<PIL.JpegImagePlugin.JpegImageFile image mode=RGB size=1024x703 at 0x183101F0050>,are there any abnormalities seen in the spleen?,no
<PIL.JpegImagePlugin.JpegImageFile image mode=RGB size=1024x703 at 0x183101F0190>,what is the pathology seen in the spleen?,nothing
<PIL.JpegImagePlugin.JpegImageFile image mode=RGB size=558x655 at 0x183101F02D0>,what structure in the left basal ganglia is spared?,left thalamus
<PIL.JpegImagePlugin.JpegImageFile image mode=RGB size=558x655 at 0x183101F0410>,what is spared in the left basal ganglia?,left thalamus
<PIL.JpegImagePlugin.JpegImageFile image mode=RGB size=302x318 at 0x183101F0550>,pathology seen in this image?,small subdural hematoma with cerebral edema
<PIL.JpegImagePlugin.JpegImageFile image mode=RGB size=555x759 at 0x183101F0690>,what are key characteristics of the lesion?,ring-enhancing lesion
<PIL.JpegImagePlugin.JpegImageFile image mode=RGB size=302x318 at 0x183101F07D0>,what is the condition seen in this image?,small subdural hematoma with cerebral edema
<PIL.JpegImagePlugin.JpegImageFile image mode=RGB size=1024x842 at 0x183101F0910>,are there pleural effusions present?,no
<PIL.JpegImagePlugin.JpegImageFile image mode=RGB size=1024x842 at 0x183101F0A50>,is there presence of pleural effusions in this patient?,no
<PIL.JpegImagePlugin.JpegImageFile image mode=RGB size=1024x1175 at 0x183101F0B90>,free air is seen where in this image?,adjacent to the appendix
<PIL.JpegImagePlugin.JpegImageFile image mode=RGB size=1024x1175 at 0x183101F0CD0>,where is the free-air seen in this image?,adjacent to the appendix
<PIL.JpegImagePlugin.JpegImageFile image mode=RGB size=1024x652 at 0x183101F0E10>,is this an mri image?,no
<PIL.JpegImagePlugin.JpegImageFile image mode=RGB size=558x655 at 0x183101F0F50>,the infarction is likely caused by what vessel?,left mca
<PIL.JpegImagePlugin.JpegImageFile image mode=RGB size=558x655 at 0x183101F1090>,what vessel is likely the cause of this infarction?,left mca
<PIL.JpegImagePlugin.JpegImageFile image mode=RGB size=1024x842 at 0x183101F11D0>,is this film taken ap?,no
<PIL.JpegImagePlugin.JpegImageFile image mode=RGB size=1024x1286 at 0x183101F1310>,are there any abnormalities in the kidneys?,no
<PIL.JpegImagePlugin.JpegImageFile image mode=RGB size=555x692 at 0x183101F1450>,are there abnormal findings on this image?,yes
<PIL.JpegImagePlugin.JpegImageFile image mode=RGB size=1024x1286 at 0x183101F1590>,notice any abnormality in the kidneys?,no
<PIL.JpegImagePlugin.JpegImageFile image mode=RGB size=601x743 at 0x183101F16D0>,what would you call the lesions seen?,ms plaques
<PIL.JpegImagePlugin.JpegImageFile image mode=RGB size=601x743 at 0x183101F1810>,what is the name of the lesions seen in this image?,ms plaques
<PIL.JpegImagePlugin.JpegImageFile image mode=RGB size=480x502 at 0x183101F1950>,is this a plain film xray?,yes
<PIL.JpegImagePlugin.JpegImageFile image mode=RGB size=800x907 at 0x183101F1A90>,are the costophrenic angles blunted?,no
<PIL.JpegImagePlugin.JpegImageFile image mode=RGB size=800x907 at 0x183101F1BD0>,is there any blunting of the costophrenic angle(s)?,no
<PIL.JpegImagePlugin.JpegImageFile image mode=RGB size=1024x652 at 0x183101F1D10>,"there is mesenteric lymphadenopathy present, what additional region is seeded?",peritoneum
<PIL.JpegImagePlugin.JpegImageFile image mode=RGB size=1024x652 at 0x183101F1E50>,"we see mesenteric lymphadenopathy in the above image, where else is there cancer?",peritoneum
<PIL.JpegImagePlugin.JpegImageFile image mode=RGB size=444x507 at 0x183101F1F90>,what is the vascular distribution of these infarcts?,all three vascular distributions
<PIL.JpegImagePlugin.JpegImageFile image mode=RGB size=444x507 at 0x183101F20D0>,where are the infarcts located?,diffuse
<PIL.JpegImagePlugin.JpegImageFile image mode=RGB size=555x692 at 0x183101F2210>,is this brain scan normal?,no
<PIL.JpegImagePlugin.JpegImageFile image mode=RGB size=601x743 at 0x183101F2350>,the pathology seen in this image is typical of what disease?,multiple sclerosis
<PIL.JpegImagePlugin.JpegImageFile image mode=RGB size=601x743 at 0x183101F2490>,what disease does the pathology suggest?,multiple sclerosis
<PIL.JpegImagePlugin.JpegImageFile image mode=RGB size=601x743 at 0x183101F25D0>,in what parts of the brain are the lesions located?,cerebrum and lateral ventricles
<PIL.JpegImagePlugin.JpegImageFile image mode=RGB size=601x743 at 0x183101F2710>,where do you see the lesions?,cerebrum and lateral ventricles
<PIL.JpegImagePlugin.JpegImageFile image mode=RGB size=1024x1307 at 0x183101F2850>,any tracheal deviation present?,no
<PIL.JpegImagePlugin.JpegImageFile image mode=RGB size=1024x1307 at 0x183101F2990>,is there any presence of tracheal deviation?,no
<PIL.JpegImagePlugin.JpegImageFile image mode=RGB size=302x318 at 0x183101F2AD0>,where is the abnormality located?,right convexity
<PIL.JpegImagePlugin.JpegImageFile image mode=RGB size=302x318 at 0x183101F2C10>,where is the pathology located?,right convexity
<PIL.JpegImagePlugin.JpegImageFile image mode=RGB size=768x864 at 0x183101F2D50>,the image shows what abnormality?,abnormal hyperintensity in the right occipital lobe
<PIL.JpegImagePlugin.JpegImageFile image mode=RGB size=768x864 at 0x183101F2E90>,what is abnormal in this image?,abnormal hyperintensity in the right occipital lobe
<PIL.JpegImagePlugin.JpegImageFile image mode=RGB size=263x324 at 0x183101F2FD0>,is the brain tissue ischemic?,yes
<PIL.JpegImagePlugin.JpegImageFile image mode=RGB size=1024x1175 at 0x183101F3110>,is this image a ct or mri image?,ct
<PIL.JpegImagePlugin.JpegImageFile image mode=RGB size=1024x842 at 0x183101F3250>,is this a special kind of x-ray?,no
<PIL.JpegImagePlugin.JpegImageFile image mode=RGB size=1024x1245 at 0x183101F3390>,this image is concerning for what lung pathology?,pneumonia
<PIL.JpegImagePlugin.JpegImageFile image mode=RGB size=1024x1245 at 0x183101F34D0>,what lung pathology is this image concerning for?,pneumonia
<PIL.JpegImagePlugin.JpegImageFile image mode=RGB size=768x872 at 0x183101F3610>,the soft-tissue density seen in this image contains what?,air
<PIL.JpegImagePlugin.JpegImageFile image mode=RGB size=768x872 at 0x183101F3750>,what is filling the soft-tissue density seen in this image?,air
<PIL.JpegImagePlugin.JpegImageFile image mode=RGB size=512x512 at 0x183101F3890>,is this a sagittal plane image?,no
<PIL.JpegImagePlugin.JpegImageFile image mode=RGB size=720x540 at 0x183101F39D0>,from what do you see stranding?,fat
<PIL.JpegImagePlugin.JpegImageFile image mode=RGB size=720x540 at 0x183101F3B10>,what is stranding in this image?,fat
<PIL.JpegImagePlugin.JpegImageFile image mode=RGB size=385x514 at 0x183101F3C50>,the image above shows an abnormality where?,hyperintensity of the left basal ganglia
<PIL.JpegImagePlugin.JpegImageFile image mode=RGB size=263x324 at 0x183101F3D90>,is there atrophy of the brain?,yes
<PIL.JpegImagePlugin.JpegImageFile image mode=RGB size=385x514 at 0x183101F3ED0>,where is the abnormality in this image?,hyperintensity of the left basal ganglia
<PIL.JpegImagePlugin.JpegImageFile image mode=RGB size=1023x841 at 0x18310218050>,is there evidence of left lung field hyperinflation?,yes
<PIL.JpegImagePlugin.JpegImageFile image mode=RGB size=1023x841 at 0x18310218190>,has the left lung collapsed?,yes
<PIL.JpegImagePlugin.JpegImageFile image mode=RGB size=556x635 at 0x183102182D0>,is the grey/white matter border well differentiated?,yes
<PIL.JpegImagePlugin.JpegImageFile image mode=RGB size=555x693 at 0x18310218410>,is there blurring of the grey-white matter junction?,no
<PIL.JpegImagePlugin.JpegImageFile image mode=RGB size=732x516 at 0x18310218550>,does the pancreatic head appear enlarged?,yes
<PIL.JpegImagePlugin.JpegImageFile image mode=RGB size=732x516 at 0x18310218690>,is the size of the pancreatic head large?,yes
<PIL.JpegImagePlugin.JpegImageFile image mode=RGB size=1024x840 at 0x183102187D0>,is there evidence of mediastinal shift?,no
<PIL.JpegImagePlugin.JpegImageFile image mode=RGB size=1024x840 at 0x18310218910>,is there a midline shift?,no
<PIL.JpegImagePlugin.JpegImageFile image mode=RGB size=1024x805 at 0x18310218A50>,is there evidence of hilar enlargement?,no
<PIL.JpegImagePlugin.JpegImageFile image mode=RGB size=555x709 at 0x18310218B90>,how would you describe the abnormality?,diffuse
<PIL.JpegImagePlugin.JpegImageFile image mode=RGB size=1024x805 at 0x18310218CD0>,is there increased lung markings near the hilum?,no
<PIL.JpegImagePlugin.JpegImageFile image mode=RGB size=800x713 at 0x18310218E10>,is the mass compressing the inferior vena cava?,no
<PIL.JpegImagePlugin.JpegImageFile image mode=RGB size=800x713 at 0x18310218F50>,is the inferior vena cava compressed by the tumor?,no
<PIL.JpegImagePlugin.JpegImageFile image mode=RGB size=512x512 at 0x18310219090>,are the kidneys normal?,yes
<PIL.JpegImagePlugin.JpegImageFile image mode=RGB size=512x512 at 0x183102191D0>,are these normal looking kidneys?,yes
<PIL.JpegImagePlugin.JpegImageFile image mode=RGB size=1024x1023 at 0x18310219310>,what is happening to the right heart border?,partial silhouetting
<PIL.JpegImagePlugin.JpegImageFile image mode=RGB size=1024x1023 at 0x18310219450>,how would you describe the r heart border?,partial silhouetting
<PIL.JpegImagePlugin.JpegImageFile image mode=RGB size=1023x1161 at 0x18310219590>,what is the small mass near the left kidney?,splenule
<PIL.JpegImagePlugin.JpegImageFile image mode=RGB size=1023x1161 at 0x183102196D0>,what is located near the left kidney,splenule
<PIL.JpegImagePlugin.JpegImageFile image mode=RGB size=1024x1023 at 0x18310219810>,is the right costophrenic angle sharp?,no
<PIL.JpegImagePlugin.JpegImageFile image mode=RGB size=555x709 at 0x18310219950>,is the abnormality focal or diffuse?,diffuse
<PIL.JpegImagePlugin.JpegImageFile image mode=RGB size=1024x1023 at 0x18310219A90>,is the right costophrenic angle easily visualized?,no
<PIL.JpegImagePlugin.JpegImageFile image mode=RGB size=555x709 at 0x18310219BD0>,are the ventricles symmetrical?,no
<PIL.JpegImagePlugin.JpegImageFile image mode=RGB size=555x709 at 0x18310219D10>,are the ventricles the same size?,no
<PIL.JpegImagePlugin.JpegImageFile image mode=RGB size=960x720 at 0x18310219E50>,what does the brighter outer ring of the lesion represent?,necrosis
<PIL.JpegImagePlugin.JpegImageFile image mode=RGB size=960x720 at 0x18310219F90>,what is indicated by the bright ring around the lesion?,necrosis
<PIL.JpegImagePlugin.JpegImageFile image mode=RGB size=469x373 at 0x1831021A0D0>,where in relation to the mass is the left kidney located in this image?,posteriorly
<PIL.JpegImagePlugin.JpegImageFile image mode=RGB size=469x373 at 0x1831021A210>,where is the mass located in relation to the left kidney?,posteriorly
<PIL.JpegImagePlugin.JpegImageFile image mode=RGB size=910x1138 at 0x1831021A350>,on which side is air under the diaphragm?,right
<PIL.JpegImagePlugin.JpegImageFile image mode=RGB size=910x1138 at 0x1831021A490>,is free air present under the patient's left or right hemidiaphragm?,right
<PIL.JpegImagePlugin.JpegImageFile image mode=RGB size=960x720 at 0x1831021A5D0>,are any ventricles visualized on this image?,yes
<PIL.JpegImagePlugin.JpegImageFile image mode=RGB size=1023x1161 at 0x1831021A710>,what kind of scan is this?,ct
<PIL.JpegImagePlugin.JpegImageFile image mode=RGB size=960x720 at 0x1831021A850>,can you see ventricles?,yes
<PIL.JpegImagePlugin.JpegImageFile image mode=RGB size=512x512 at 0x1831021A990>,are there any other organs visualized in this image?,yes
<PIL.JpegImagePlugin.JpegImageFile image mode=RGB size=512x512 at 0x1831021AAD0>,what other organs are present?,the lungs
<PIL.JpegImagePlugin.JpegImageFile image mode=RGB size=673x827 at 0x1831021AC10>,which lung are more markings present in?,right lung
<PIL.JpegImagePlugin.JpegImageFile image mode=RGB size=673x827 at 0x1831021AD50>,where are the most lung markings?,right lung
<PIL.JpegImagePlugin.JpegImageFile image mode=RGB size=980x892 at 0x1831021AE90>,are both kidneys visualized?,yes
<PIL.JpegImagePlugin.JpegImageFile image mode=RGB size=980x892 at 0x1831021AFD0>,can you see both kidneys in this image?,yes
<PIL.JpegImagePlugin.JpegImageFile image mode=RGB size=980x892 at 0x1831021B110>,is there evidence of calcification in the pancreas?,no
<PIL.JpegImagePlugin.JpegImageFile image mode=RGB size=980x892 at 0x1831021B250>,is the pancreas calcified?,no
<PIL.JpegImagePlugin.JpegImageFile image mode=RGB size=1024x1193 at 0x1831021B390>,what test or procedure might reveal the diagnosis?,head/neck ct
<PIL.JpegImagePlugin.JpegImageFile image mode=RGB size=1024x815 at 0x1831021B4D0>,is there evidence of calcification in the mass?,yes
<PIL.JpegImagePlugin.JpegImageFile image mode=RGB size=1024x1193 at 0x1831021B610>,what can be done to get to a diagnosis?,biopsy
<PIL.JpegImagePlugin.JpegImageFile image mode=RGB size=599x555 at 0x1831021B750>,what is your differential diagnoses?,"metastases, infection/abcess, glioblastoma"
<PIL.JpegImagePlugin.JpegImageFile image mode=RGB size=599x555 at 0x1831021B890>,what are the possible diagnoses?,"toxoplasma, lymphoma, abscesses, other brain tumors"
<PIL.JpegImagePlugin.JpegImageFile image mode=RGB size=512x512 at 0x1831021B9D0>,which is more likely? cancer or hemorrhage?,hemorrhage
<PIL.JpegImagePlugin.JpegImageFile image mode=RGB size=512x512 at 0x1831021BB10>,is this cancer or hemorrhage?,cancer
<PIL.JpegImagePlugin.JpegImageFile image mode=RGB size=1024x642 at 0x1831021BC50>,what is the most likely explanation for a enlarged kidney in this image?,ureteral obstruction
<PIL.JpegImagePlugin.JpegImageFile image mode=RGB size=1024x642 at 0x1831021BD90>,why is the right kidney enlarged?,ureteral obstruction
<PIL.JpegImagePlugin.JpegImageFile image mode=RGB size=500x677 at 0x1831021BED0>,"what is the alternate name for lens-shaped""""",lentiform
<PIL.JpegImagePlugin.JpegImageFile image mode=RGB size=500x677 at 0x18337AB4050>,what term is synonymous with lens-shaped?,biconvex
<PIL.JpegImagePlugin.JpegImageFile image mode=RGB size=1024x581 at 0x18337AB4190>,what are the hypoattenuated round structures surrounding the veterbral column?,psoas muscles
<PIL.JpegImagePlugin.JpegImageFile image mode=RGB size=534x666 at 0x18337AB42D0>,is there swelling of the grey matter?,yes
<PIL.JpegImagePlugin.JpegImageFile image mode=RGB size=1024x815 at 0x18337AB4410>,is the mass calcified?,yes
<PIL.JpegImagePlugin.JpegImageFile image mode=RGB size=1024x581 at 0x18337AB4550>,what are the structures near the vertebral column?,psoas muscles
<PIL.JpegImagePlugin.JpegImageFile image mode=RGB size=500x677 at 0x18337AB4690>,what is the most likely diagnosis?,epidural hematoma
<PIL.JpegImagePlugin.JpegImageFile image mode=RGB size=500x677 at 0x18337AB47D0>,what is going on with this patient?,sinusitis
<PIL.JpegImagePlugin.JpegImageFile image mode=RGB size=341x428 at 0x18337AB4910>,do you favor a viral process or parasitic process or other?,viral
<PIL.JpegImagePlugin.JpegImageFile image mode=RGB size=341x428 at 0x18337AB4A50>,is this a viral or parasitic process?,parasitic
<PIL.JpegImagePlugin.JpegImageFile image mode=RGB size=436x531 at 0x18337AB4B90>,is the heart displaced?,no
<PIL.JpegImagePlugin.JpegImageFile image mode=RGB size=436x531 at 0x18337AB4CD0>,is the heart in the wrong position?,no
<PIL.JpegImagePlugin.JpegImageFile image mode=RGB size=1024x1023 at 0x18337AB4E10>,how do you determine cardiomegaly?,if the heart diameter is greater than half the diameter of the thoracic cavity.
<PIL.JpegImagePlugin.JpegImageFile image mode=RGB size=1024x1023 at 0x18337AB4F50>,how do you determine if the heart is enlarged?,c-t ratio
<PIL.JpegImagePlugin.JpegImageFile image mode=RGB size=1024x941 at 0x18337AB5090>,the internal gas and enhancing rim suggests what type of lesion?,abcess
<PIL.JpegImagePlugin.JpegImageFile image mode=RGB size=1024x1023 at 0x18337AB51D0>,what kind of image is this?,chest x-ray
<PIL.JpegImagePlugin.JpegImageFile image mode=RGB size=1024x941 at 0x18337AB5310>,what type of hepatic lesion has internal gas and enhancing rim?,abcess
<PIL.JpegImagePlugin.JpegImageFile image mode=RGB size=1024x1156 at 0x18337AB5450>,"what does tram-track""-ing indictate?""",bronchiectasis
<PIL.JpegImagePlugin.JpegImageFile image mode=RGB size=1024x1156 at 0x18337AB5590>,what is meant by tram-track?,thickening of bronchi
<PIL.JpegImagePlugin.JpegImageFile image mode=RGB size=1024x850 at 0x18337AB56D0>,is there hyperinflation of the lung(s)?,no
<PIL.JpegImagePlugin.JpegImageFile image mode=RGB size=1024x850 at 0x18337AB5810>,are the lungs increased in size?,no
<PIL.JpegImagePlugin.JpegImageFile image mode=RGB size=512x512 at 0x18337AB5950>,is there an aortic aneurysm?,no
<PIL.JpegImagePlugin.JpegImageFile image mode=RGB size=512x512 at 0x18337AB5A90>,can an aortic aneurysm be appreciated?,no
<PIL.JpegImagePlugin.JpegImageFile image mode=RGB size=1024x645 at 0x18337AB5BD0>,how can you tell if contrast has been utilized?,csf is brightly lit
<PIL.JpegImagePlugin.JpegImageFile image mode=RGB size=1024x645 at 0x18337AB5D10>,what are the signs of contrast being used?,aorta enhancement
<PIL.JpegImagePlugin.JpegImageFile image mode=RGB size=388x542 at 0x18337AB5E50>,is mass effect obvious?,yes
<PIL.JpegImagePlugin.JpegImageFile image mode=RGB size=555x759 at 0x18337AB5F90>,is this a normal image?,no
<PIL.JpegImagePlugin.JpegImageFile image mode=RGB size=388x542 at 0x18337AB60D0>,does there seem to be a mass effect?,yes
<PIL.JpegImagePlugin.JpegImageFile image mode=RGB size=512x512 at 0x18337AB6210>,the dark space in the central portion of the image represents what structure(s)?,lateral ventricles
<PIL.JpegImagePlugin.JpegImageFile image mode=RGB size=512x512 at 0x18337AB6350>,what do the dark spaces in the center show?,lateral ventricles
<PIL.JpegImagePlugin.JpegImageFile image mode=RGB size=1024x1023 at 0x18337AB6490>,is there a midline shift?,no
<PIL.JpegImagePlugin.JpegImageFile image mode=RGB size=1024x1023 at 0x18337AB65D0>,is the trachea shifted?,no
<PIL.JpegImagePlugin.JpegImageFile image mode=RGB size=436x531 at 0x18337AB6710>,what indicates a pleural effusion?,costophrenic angle blunting
<PIL.JpegImagePlugin.JpegImageFile image mode=RGB size=436x531 at 0x18337AB6850>,what is a pleural effusion,fluid in the pleural space
<PIL.JpegImagePlugin.JpegImageFile image mode=RGB size=1024x642 at 0x18337AB6990>,how can you confirm contrast was used?,aorta is bright
<PIL.JpegImagePlugin.JpegImageFile image mode=RGB size=1024x642 at 0x18337AB6AD0>,how do you know if contrast was used?,enhancement of vessels
<PIL.JpegImagePlugin.JpegImageFile image mode=RGB size=512x512 at 0x18337AB6C10>,is the vertebra fractured?,no
<PIL.JpegImagePlugin.JpegImageFile image mode=RGB size=555x759 at 0x18337AB6D50>,is the brain scan normal?,no
<PIL.JpegImagePlugin.JpegImageFile image mode=RGB size=512x512 at 0x18337AB6E90>,is there a vertebral fracture?,no
<PIL.JpegImagePlugin.JpegImageFile image mode=RGB size=436x531 at 0x18337AB6FD0>,which way is the trachea deviating in this image?,left
<PIL.JpegImagePlugin.JpegImageFile image mode=RGB size=436x531 at 0x18337AB7110>,is the trachea deviated to the right or left?,left
<PIL.JpegImagePlugin.JpegImageFile image mode=RGB size=512x512 at 0x18337AB7250>,do you suspect vascular process or a genetic process?,genetic
<PIL.JpegImagePlugin.JpegImageFile image mode=RGB size=512x512 at 0x18337AB7390>,is the etiology genetic or vascular?,vascular
<PIL.JpegImagePlugin.JpegImageFile image mode=RGB size=500x677 at 0x18337AB74D0>,what shape would the lesion be if this were a subdural hematoma?,crescent
<PIL.JpegImagePlugin.JpegImageFile image mode=RGB size=500x677 at 0x18337AB7610>,what shape is the lesion in a subdural hematoma?,concave
<PIL.JpegImagePlugin.JpegImageFile image mode=RGB size=1024x941 at 0x18337AB7750>,can this patient be managed with medical therapy alone?,no
<PIL.JpegImagePlugin.JpegImageFile image mode=RGB size=1024x941 at 0x18337AB7890>,will medical therapy be enough?,yes
<PIL.JpegImagePlugin.JpegImageFile image mode=RGB size=1024x1159 at 0x18337AB79D0>,what is the pathology?,hydropneumothorax
<PIL.JpegImagePlugin.JpegImageFile image mode=RGB size=512x385 at 0x18337AB7B10>,what organ is enlarged?,pancreas
<PIL.JpegImagePlugin.JpegImageFile image mode=RGB size=1024x1159 at 0x18337AB7C50>,what is abnormal in this image?,hydropneumothorax
<PIL.JpegImagePlugin.JpegImageFile image mode=RGB size=329x434 at 0x18337AB7D90>,what vascular territory is the lesion?,right mca
<PIL.JpegImagePlugin.JpegImageFile image mode=RGB size=329x434 at 0x18337AB7ED0>,in what vascular territory is the lesion located?,right mca
<PIL.JpegImagePlugin.JpegImageFile image mode=RGB size=512x510 at 0x18337AE0050>,is this a vascular lesion,yes
<PIL.JpegImagePlugin.JpegImageFile image mode=RGB size=512x510 at 0x18337AE0190>,does this lesion involve the vascular system?,yes
<PIL.JpegImagePlugin.JpegImageFile image mode=RGB size=1024x842 at 0x18337AE02D0>,what is the foreign body?,a catheter
<PIL.JpegImagePlugin.JpegImageFile image mode=RGB size=1024x842 at 0x18337AE0410>,please identify the foreign body.,a catheter
<PIL.JpegImagePlugin.JpegImageFile image mode=RGB size=1024x765 at 0x18337AE0550>,is there wall enhancement of the gb?,yes
<PIL.JpegImagePlugin.JpegImageFile image mode=RGB size=1024x765 at 0x18337AE0690>,is the gallbladder wall enhanced by contrast?,yes
<PIL.JpegImagePlugin.JpegImageFile image mode=RGB size=630x768 at 0x18337AE07D0>,are the lymph nodes enlarged,yes
<PIL.JpegImagePlugin.JpegImageFile image mode=RGB size=512x385 at 0x18337AE0910>,which organ has the abnormality?,pancreas
<PIL.JpegImagePlugin.JpegImageFile image mode=RGB size=630x768 at 0x18337AE0A50>,is there hilar lymphadenopathy?,yes
<PIL.JpegImagePlugin.JpegImageFile image mode=RGB size=329x434 at 0x18337AE0B90>,what neuro deficits will are predicted by image location?,"quadrantopia, aphasia, memory deficit, etc."
<PIL.JpegImagePlugin.JpegImageFile image mode=RGB size=329x434 at 0x18337AE0CD0>,what deficits are suggested by the location of the lesion?,"motor weakness, sensory deficits, and left neglect"
<PIL.JpegImagePlugin.JpegImageFile image mode=RGB size=1024x1118 at 0x18337AE0E10>,is this a tension pneumothorax?,no
<PIL.JpegImagePlugin.JpegImageFile image mode=RGB size=1024x1118 at 0x18337AE0F50>,does this image show a tension pneumothorax?,no
<PIL.JpegImagePlugin.JpegImageFile image mode=RGB size=512x510 at 0x18337AE1090>,what is the most likely etiology,viral/inflammatory
<PIL.JpegImagePlugin.JpegImageFile image mode=RGB size=512x510 at 0x18337AE11D0>,what is most likely causing these lesions?,cva
<PIL.JpegImagePlugin.JpegImageFile image mode=RGB size=444x454 at 0x18337AE1310>,where is the pathology?,in the cortex and basal ganglia bilaterally
<PIL.JpegImagePlugin.JpegImageFile image mode=RGB size=444x454 at 0x18337AE1450>,where is the pathology located?,in the cortex and basal ganglia bilaterally
<PIL.JpegImagePlugin.JpegImageFile image mode=RGB size=960x720 at 0x18337AE1590>,is there a pancreatic pseudocsyst?,no
<PIL.JpegImagePlugin.JpegImageFile image mode=RGB size=1024x1304 at 0x18337AE16D0>,where is the cavitary lesion?,right upper lobe
<PIL.JpegImagePlugin.JpegImageFile image mode=RGB size=960x720 at 0x18337AE1810>,is there a pseudocyst in the pancreas?,no
<PIL.JpegImagePlugin.JpegImageFile image mode=RGB size=1024x1118 at 0x18337AE1950>,is there tracheal deviation?,no
<PIL.JpegImagePlugin.JpegImageFile image mode=RGB size=1024x1118 at 0x18337AE1A90>,is the trachea deviated?,no
<PIL.JpegImagePlugin.JpegImageFile image mode=RGB size=1024x1187 at 0x18337AE1BD0>,what is the pathology,left lobe mass 1.5 x 1.8 cm
<PIL.JpegImagePlugin.JpegImageFile image mode=RGB size=1024x1187 at 0x18337AE1D10>,what is abnormal in this image?,left lobe mass 1.5 x 1.8 cm
<PIL.JpegImagePlugin.JpegImageFile image mode=RGB size=768x768 at 0x18337AE1E50>,how can you tell the mass is hemorrhagic and pushing the optic chiasm?,not sure
<PIL.JpegImagePlugin.JpegImageFile image mode=RGB size=768x768 at 0x18337AE1F90>,where is the mass?,pituitary fossa
<PIL.JpegImagePlugin.JpegImageFile image mode=RGB size=512x512 at 0x18337AE20D0>,what is the hypodensity on the posteriolateral edge of the left kidney?,nephroblastomatosis
<PIL.JpegImagePlugin.JpegImageFile image mode=RGB size=512x512 at 0x18337AE2210>,what is seen in the posterolateral l kidney?,nephroblastomatosis
<PIL.JpegImagePlugin.JpegImageFile image mode=RGB size=988x728 at 0x18337AE2350>,how can you tell that one side is small bowen and the other side is large bowel?,location of the contrast?
<PIL.JpegImagePlugin.JpegImageFile image mode=RGB size=1024x1304 at 0x18337AE2490>,where is the abnormality?,right upper lobe
<PIL.JpegImagePlugin.JpegImageFile image mode=RGB size=988x728 at 0x18337AE25D0>,how do you know that small bowel and colon are on different sides of midline?,haustra
<PIL.JpegImagePlugin.JpegImageFile image mode=RGB size=967x1176 at 0x18337AE2710>,would you expect pleural plaques on other pleural surfaces vs just the hemithoraces?,not sure
<PIL.JpegImagePlugin.JpegImageFile image mode=RGB size=967x1176 at 0x18337AE2850>,do you expect the patient to have plaques on other pleura as well?,maybe
<PIL.JpegImagePlugin.JpegImageFile image mode=RGB size=512x512 at 0x18337AE2990>,what are the white nodules on bilateral kidneys?,contrast
<PIL.JpegImagePlugin.JpegImageFile image mode=RGB size=512x512 at 0x18337AE2AD0>,what are the hyperintensities seen in the bilateral kidneys?,contrast
<PIL.JpegImagePlugin.JpegImageFile image mode=RGB size=1024x758 at 0x18337AE2C10>,what symptoms would this patient present with?,"ruq pain, jaundice,weight loss?"
<PIL.JpegImagePlugin.JpegImageFile image mode=RGB size=1024x758 at 0x18337AE2D50>,what did the patient likely complain of?,abdominal pain
<PIL.JpegImagePlugin.JpegImageFile image mode=RGB size=967x1176 at 0x18337AE2E90>,what are the densities in both mid-lung fields?,pleural plaques
<PIL.JpegImagePlugin.JpegImageFile image mode=RGB size=967x1176 at 0x18337AE2FD0>,what do the densities in the lung fields represent?,pleural plaques
<PIL.JpegImagePlugin.JpegImageFile image mode=RGB size=988x728 at 0x18337AE3110>,what are defining radiological features of large bowel?,air?
<PIL.JpegImagePlugin.JpegImageFile image mode=RGB size=512x512 at 0x18337AE3250>,is the abnormality hyper dense or hypo dense?,hypodense
<PIL.JpegImagePlugin.JpegImageFile image mode=RGB size=988x728 at 0x18337AE3390>,how do you distinguish large bowel?,haustra
<PIL.JpegImagePlugin.JpegImageFile image mode=RGB size=1024x758 at 0x18337AE34D0>,how can you tell if it�s the common bile duct vs the cystic duct?,trace the gallbladder emptying?
<PIL.JpegImagePlugin.JpegImageFile image mode=RGB size=1024x758 at 0x18337AE3610>,what differentiates the common bile duct and cystic duct?,cystic duct is more tortuous
<PIL.JpegImagePlugin.JpegImageFile image mode=RGB size=1024x758 at 0x18337AE3750>,what are common causes of cystic and cbd obstruction?,"tumors, gallstones"
<PIL.JpegImagePlugin.JpegImageFile image mode=RGB size=1024x758 at 0x18337AE3890>,what can cause these findings on imaging?,"stones, cancer, infection, anatomic variants"
<PIL.JpegImagePlugin.JpegImageFile image mode=RGB size=386x386 at 0x18337AE39D0>,is gray or white matter highlighted in this image?,gray matter
<PIL.JpegImagePlugin.JpegImageFile image mode=RGB size=386x386 at 0x18337AE3B10>,"which is highlighted in this image, white or gray matter?",gray matter
<PIL.JpegImagePlugin.JpegImageFile image mode=RGB size=1024x1022 at 0x18337AE3C50>,what lung are the pulmonary nodules in?,bilateral lungs
<PIL.JpegImagePlugin.JpegImageFile image mode=RGB size=1024x1022 at 0x18337AE3D90>,where are the nodules located?,bilateral lungs
<PIL.JpegImagePlugin.JpegImageFile image mode=RGB size=768x768 at 0x18337AE3ED0>,do the two findings have the same etiology?,yes
<PIL.JpegImagePlugin.JpegImageFile image mode=RGB size=512x512 at 0x18337B14050>,what density is the abnormality?,hypodense
<PIL.JpegImagePlugin.JpegImageFile image mode=RGB size=768x768 at 0x18337B14190>,is there a unified process?,no
<PIL.JpegImagePlugin.JpegImageFile image mode=RGB size=988x728 at 0x18337B142D0>,what are defining radiological features of the small bowel?,not sure
<PIL.JpegImagePlugin.JpegImageFile image mode=RGB size=988x728 at 0x18337B14410>,how do you identify small bowel?,plicae circulares
<PIL.JpegImagePlugin.JpegImageFile image mode=RGB size=967x1176 at 0x18337B14550>,are there any abnormalities with the shape of the aortic arch?,no
<PIL.JpegImagePlugin.JpegImageFile image mode=RGB size=967x1176 at 0x18337B14690>,is the aortic arch shape abnormal?,no
<PIL.JpegImagePlugin.JpegImageFile image mode=RGB size=960x720 at 0x18337B147D0>,why does less enhancement mean less acute?,more acute means more inflammation-leading to enhancement?
<PIL.JpegImagePlugin.JpegImageFile image mode=RGB size=960x720 at 0x18337B14910>,what makes a lesion less acute?,less enhancement
<PIL.JpegImagePlugin.JpegImageFile image mode=RGB size=444x469 at 0x18337B14A50>,how do you know this is a t2 weighted image?,csf is white.
<PIL.JpegImagePlugin.JpegImageFile image mode=RGB size=444x469 at 0x18337B14B90>,what tells you that the image is t2?,white versus grey matter brightness
<PIL.JpegImagePlugin.JpegImageFile image mode=RGB size=1024x1012 at 0x18337B14CD0>,what are the lesions indicative of?,adenopathy
<PIL.JpegImagePlugin.JpegImageFile image mode=RGB size=1024x1307 at 0x18337B14E10>,is this an anterior posterior image?,no
<PIL.JpegImagePlugin.JpegImageFile image mode=RGB size=512x512 at 0x18337B14F50>,what part of the liver is the mass located in?,left hepatic lobe
<PIL.JpegImagePlugin.JpegImageFile image mode=RGB size=1024x1012 at 0x18337B15090>,what are the lesions consistent with?,infection
<PIL.JpegImagePlugin.JpegImageFile image mode=RGB size=960x720 at 0x18337B151D0>,is this an infectious process?,maybe
<PIL.JpegImagePlugin.JpegImageFile image mode=RGB size=960x720 at 0x18337B15310>,does this represent infectious process?,yes
<PIL.JpegImagePlugin.JpegImageFile image mode=RGB size=1024x1012 at 0x18337B15450>,where are the lesions located?,paratracheal area
<PIL.JpegImagePlugin.JpegImageFile image mode=RGB size=1024x1012 at 0x18337B15590>,where are the lesions?,paratracheal area
<PIL.JpegImagePlugin.JpegImageFile image mode=RGB size=512x512 at 0x18337B156D0>,how common is bilateral wilms?,not sure.
<PIL.JpegImagePlugin.JpegImageFile image mode=RGB size=512x512 at 0x18337B15810>,about how often do you see bilateral wilms tumor?,5%
<PIL.JpegImagePlugin.JpegImageFile image mode=RGB size=861x913 at 0x18337B15950>,how would you describe the pathology seen in the above image?,"rounded, well-defined pulmonary nodules varying in size and pattern"
<PIL.JpegImagePlugin.JpegImageFile image mode=RGB size=861x913 at 0x18337B15A90>,what is the pathology seen in this image?,pulmonary nodules
<PIL.JpegImagePlugin.JpegImageFile image mode=RGB size=1024x1022 at 0x18337B15BD0>,what is the pathology seen above?,bilateral pleural effusion
<PIL.JpegImagePlugin.JpegImageFile image mode=RGB size=512x512 at 0x18337B15D10>,where is the mass in the liver?,left hepatic lobe
<PIL.JpegImagePlugin.JpegImageFile image mode=RGB size=1024x1022 at 0x18337B15E50>,what abnormality is seen in this image?,bilateral pleural effusion
<PIL.JpegImagePlugin.JpegImageFile image mode=RGB size=987x1200 at 0x18337B15F90>,is the patient's heart enlarged?,no
<PIL.JpegImagePlugin.JpegImageFile image mode=RGB size=987x1200 at 0x18337B160D0>,does the heart look enlarged?,no
<PIL.JpegImagePlugin.JpegImageFile image mode=RGB size=910x1138 at 0x18337B16210>,is there any bleeding in this patient's brain?,no
<PIL.JpegImagePlugin.JpegImageFile image mode=RGB size=910x1138 at 0x18337B16350>,is there bleeding present in this patient's brain?,no
<PIL.JpegImagePlugin.JpegImageFile image mode=RGB size=256x256 at 0x18337B16490>,what brain structures would be affected by the lesion in the right frontal area of the brain?,basal ganglia (caudate and putamen)
<PIL.JpegImagePlugin.JpegImageFile image mode=RGB size=256x256 at 0x18337B165D0>,which brain structures could be affected by the lesion located in the right frontal brain area?,basal ganglia (caudate and putamen)
<PIL.JpegImagePlugin.JpegImageFile image mode=RGB size=555x576 at 0x18337B16710>,where do we see multiple infarcts in the above image?,cerebellum
<PIL.JpegImagePlugin.JpegImageFile image mode=RGB size=555x576 at 0x18337B16850>,location of the multiple infarcts?,cerebellum
<PIL.JpegImagePlugin.JpegImageFile image mode=RGB size=1024x1310 at 0x18337B16990>,what organ system is shown in the above image?,cardiopulmonary
<PIL.JpegImagePlugin.JpegImageFile image mode=RGB size=1024x1023 at 0x18337B16AD0>,what organ is primarily evaluated in this image?,lungs
<PIL.JpegImagePlugin.JpegImageFile image mode=RGB size=1024x1310 at 0x18337B16C10>,the image shows what organ system?,cardiopulmonary
<PIL.JpegImagePlugin.JpegImageFile image mode=RGB size=1024x585 at 0x18337B16D50>,does the patient have ascites?,yes
<PIL.JpegImagePlugin.JpegImageFile image mode=RGB size=1024x585 at 0x18337B16E90>,is there ascites present?,yes
<PIL.JpegImagePlugin.JpegImageFile image mode=RGB size=1024x1310 at 0x18337B16FD0>,in what position was the patient in when this image was taken?,semi-upright position
<PIL.JpegImagePlugin.JpegImageFile image mode=RGB size=1024x1310 at 0x18337B17110>,what position is the patient in for this image?,semi-upright position
<PIL.JpegImagePlugin.JpegImageFile image mode=RGB size=910x1138 at 0x18337B17250>,can gray-white differentiation be well assessed with this image?,no
<PIL.JpegImagePlugin.JpegImageFile image mode=RGB size=910x1138 at 0x18337B17390>,is there significant difference between gray and white matter here?,yes
<PIL.JpegImagePlugin.JpegImageFile image mode=RGB size=643x768 at 0x18337B174D0>,what indicates there is no pleural effusion present?,sharp costophrenic angles
<PIL.JpegImagePlugin.JpegImageFile image mode=RGB size=643x768 at 0x18337B17610>,what sign determines the absence of a pleural effusion?,sharp costophrenic angles
<PIL.JpegImagePlugin.JpegImageFile image mode=RGB size=666x737 at 0x18337B17750>,is the occipital lobe visible in this image?,no
<PIL.JpegImagePlugin.JpegImageFile image mode=RGB size=555x692 at 0x18337B17890>,what hemisphere are the lesions located in?,bilateral
<PIL.JpegImagePlugin.JpegImageFile image mode=RGB size=666x737 at 0x18337B179D0>,is the occipital lobe present?,no
<PIL.JpegImagePlugin.JpegImageFile image mode=RGB size=670x804 at 0x18337B17B10>,is there infiltrate in the sinuses?,no
<PIL.JpegImagePlugin.JpegImageFile image mode=RGB size=670x804 at 0x18337B17C50>,are the sinuses abnormal?,no
<PIL.JpegImagePlugin.JpegImageFile image mode=RGB size=350x407 at 0x18337B17D90>,what lobe is the infarct in?,right parietal
<PIL.JpegImagePlugin.JpegImageFile image mode=RGB size=350x407 at 0x18337B17ED0>,which lobe is infarcted,right parietal
<PIL.JpegImagePlugin.JpegImageFile image mode=RGB size=1024x759 at 0x18337B44050>,what is the organ pictured superior to the aorta?,horsehoe kidney
<PIL.JpegImagePlugin.JpegImageFile image mode=RGB size=1024x759 at 0x18337B44190>,what is above the aorta in this image?,horsehoe kidney
<PIL.JpegImagePlugin.JpegImageFile image mode=RGB size=666x737 at 0x18337B442D0>,where in the cortex are the lesions present?,diffuse
<PIL.JpegImagePlugin.JpegImageFile image mode=RGB size=666x737 at 0x18337B44410>,which cerebral cortex contains the lesion?,diffuse
<PIL.JpegImagePlugin.JpegImageFile image mode=RGB size=1024x715 at 0x18337B44550>,why is there air seen in the bottom of the image?,posterior lung seen in the image section
<PIL.JpegImagePlugin.JpegImageFile image mode=RGB size=555x692 at 0x18337B44690>,where are the abnormalities?,bilateral
<PIL.JpegImagePlugin.JpegImageFile image mode=RGB size=1024x715 at 0x18337B447D0>,why is free air present in the image?,pneumothorax
<PIL.JpegImagePlugin.JpegImageFile image mode=RGB size=670x804 at 0x18337B44910>,is cerebral cortex present in this image?,no
<PIL.JpegImagePlugin.JpegImageFile image mode=RGB size=670x804 at 0x18337B44A50>,can the cerebral cortex be visualized at this level?,no
<PIL.JpegImagePlugin.JpegImageFile image mode=RGB size=899x925 at 0x18337B44B90>,is the hyperinflation unilateral or bilateral?,bilateral
<PIL.JpegImagePlugin.JpegImageFile image mode=RGB size=899x925 at 0x18337B44CD0>,is the lung hyperinflated on one or both sides?,both sides
<PIL.JpegImagePlugin.JpegImageFile image mode=RGB size=1001x1280 at 0x18337B44E10>,are the lines seen on the exterior or interior of the patient?,exterior
<PIL.JpegImagePlugin.JpegImageFile image mode=RGB size=1001x1280 at 0x18337B44F50>,are the lines in the image inside or outside of the patient?,outside
<PIL.JpegImagePlugin.JpegImageFile image mode=RGB size=1001x1280 at 0x18337B45090>,what indicates there is a consolidation in the right lung?,"blunting of the costophrenic angle, loss of the right hemidiaphragm and right heart border"
<PIL.JpegImagePlugin.JpegImageFile image mode=RGB size=1001x1280 at 0x18337B451D0>,what is the observed sign of pulmonary consolidation on the right side?,"blunting of the costophrenic angle, loss of the right hemidiaphragm and right heart border"
<PIL.JpegImagePlugin.JpegImageFile image mode=RGB size=1024x842 at 0x18337B45310>,name one abnormality in the radiograph.,increased opacity in the left retrocardiac region
<PIL.JpegImagePlugin.JpegImageFile image mode=RGB size=1023x1161 at 0x18337B45450>,what does nodular liver suggest?,cirrhosis
<PIL.JpegImagePlugin.JpegImageFile image mode=RGB size=1024x842 at 0x18337B45590>,what is one abnormality that can be seen in the image?,increased opacity in the left retrocardiac region
<PIL.JpegImagePlugin.JpegImageFile image mode=RGB size=976x903 at 0x18337B456D0>,what is the abnormality?,right paratracheal mass lesion
<PIL.JpegImagePlugin.JpegImageFile image mode=RGB size=976x903 at 0x18337B45810>,what is wrong in this image?,right paratracheal mass lesion
<PIL.JpegImagePlugin.JpegImageFile image mode=RGB size=555x693 at 0x18337B45950>,what abnormal findings are present in this image?,ring-enhancing lesion
<PIL.JpegImagePlugin.JpegImageFile image mode=RGB size=555x693 at 0x18337B45A90>,what is the lesion in this image?,ring-enhancing lesion
<PIL.JpegImagePlugin.JpegImageFile image mode=RGB size=1024x1080 at 0x18337B45BD0>,are the lungs clear?,no
<PIL.JpegImagePlugin.JpegImageFile image mode=RGB size=1024x1080 at 0x18337B45D10>,are there lungs free of consolidation?,yes
<PIL.JpegImagePlugin.JpegImageFile image mode=RGB size=1009x1200 at 0x18337B45E50>,is there fat stranding?,no
<PIL.JpegImagePlugin.JpegImageFile image mode=RGB size=1009x1200 at 0x18337B45F90>,is fat stranding present?,no
<PIL.JpegImagePlugin.JpegImageFile image mode=RGB size=800x877 at 0x18337B460D0>,do the lungs appear hyperinflated?,yes
<PIL.JpegImagePlugin.JpegImageFile image mode=RGB size=1023x1161 at 0x18337B46210>,what does the shape of the liver suggest?,cirrhosis
<PIL.JpegImagePlugin.JpegImageFile image mode=RGB size=800x877 at 0x18337B46350>,is hyperinflation depicted?,yes
<PIL.JpegImagePlugin.JpegImageFile image mode=RGB size=840x1024 at 0x18337B46490>,what is wrong with the aortic area?,it is enlarged with prominence of the aortic knob
<PIL.JpegImagePlugin.JpegImageFile image mode=RGB size=840x1024 at 0x18337B465D0>,what pathology is shown in the aorta?,it is enlarged with prominence of the aortic knob
<PIL.JpegImagePlugin.JpegImageFile image mode=RGB size=512x512 at 0x18337B46710>,how would you describe the mass on the left kidney?,well-circumscribed
<PIL.JpegImagePlugin.JpegImageFile image mode=RGB size=512x512 at 0x18337B46850>,what is the left kidney mass?,exophytic cyst
<PIL.JpegImagePlugin.JpegImageFile image mode=RGB size=531x480 at 0x18337B46990>,what is the appearance of the liver?,shrunken and nodular
<PIL.JpegImagePlugin.JpegImageFile image mode=RGB size=531x480 at 0x18337B46AD0>,how would you describe the liver?,shrunken and nodular
<PIL.JpegImagePlugin.JpegImageFile image mode=RGB size=555x753 at 0x18337B46C10>,what does the hyperlucency indicate?,infarcts
<PIL.JpegImagePlugin.JpegImageFile image mode=RGB size=555x753 at 0x18337B46D50>,what pathology does the hyperlucency represent?,embolus
<PIL.JpegImagePlugin.JpegImageFile image mode=RGB size=1009x1200 at 0x18337B46E90>,is the bowel distended?,no
<PIL.JpegImagePlugin.JpegImageFile image mode=RGB size=1023x1161 at 0x18337B46FD0>,what is the brightness in the abdominal aorta?,atherosclerotic calcification
<PIL.JpegImagePlugin.JpegImageFile image mode=RGB size=1009x1200 at 0x18337B47110>,is bowel distension present?,no
<PIL.JpegImagePlugin.JpegImageFile image mode=RGB size=1024x1151 at 0x18337B47250>,is the cardiac silhouette enlarged?,yes
<PIL.JpegImagePlugin.JpegImageFile image mode=RGB size=1024x1151 at 0x18337B47390>,is cardiomegaly present?,yes
<PIL.JpegImagePlugin.JpegImageFile image mode=RGB size=1024x1286 at 0x18337B474D0>,is there fat stranding present?,no
<PIL.JpegImagePlugin.JpegImageFile image mode=RGB size=1024x1286 at 0x18337B47610>,is fat stranding depicted in this image?,no
<PIL.JpegImagePlugin.JpegImageFile image mode=RGB size=910x1006 at 0x18337B47750>,where are the hyperintensities located?,cortical ribbon of right occipital lobe with extension into right posterior temporal lobe
<PIL.JpegImagePlugin.JpegImageFile image mode=RGB size=910x1006 at 0x18337B47890>,what is the location of the hyperintensitites?,cortical ribbon of right occipital lobe with extension into right posterior temporal lobe
<PIL.JpegImagePlugin.JpegImageFile image mode=RGB size=512x512 at 0x18337B479D0>,is the mass in the liver regular or irregular in contour?,irregular
<PIL.JpegImagePlugin.JpegImageFile image mode=RGB size=512x512 at 0x18337B47B10>,what is the shape of the liver mass?,infiltrative
<PIL.JpegImagePlugin.JpegImageFile image mode=RGB size=1024x984 at 0x18337B47C50>,how many ribs are superimposed on the lung fields?,12
<PIL.JpegImagePlugin.JpegImageFile image mode=RGB size=1023x1161 at 0x18337B47D90>,what causes hyper intensity in aorta?,atherosclerotic calcification
<PIL.JpegImagePlugin.JpegImageFile image mode=RGB size=1024x984 at 0x18337B47ED0>,how many ribs are present in vertical order on this chest radiograph,12
<PIL.JpegImagePlugin.JpegImageFile image mode=RGB size=260x335 at 0x18337B78050>,is there a midline shift?,no
<PIL.JpegImagePlugin.JpegImageFile image mode=RGB size=260x335 at 0x18337B78190>,is there structural deviation from the midline?,no
<PIL.JpegImagePlugin.JpegImageFile image mode=RGB size=1024x1192 at 0x18337B782D0>,is the circular opacity (located in the middle of this image) found on top of the patient or within the patient?,on top of the patient
<PIL.JpegImagePlugin.JpegImageFile image mode=RGB size=1024x1192 at 0x18337B78410>,is the opacity located in the middle of the image inside the patient or superficial to the patient's skin?,superficial to the patient's skin
<PIL.JpegImagePlugin.JpegImageFile image mode=RGB size=1024x873 at 0x18337B78550>,is there decreased aeration at the apex?,yes
<PIL.JpegImagePlugin.JpegImageFile image mode=RGB size=1024x873 at 0x18337B78690>,is the apical aeration normal or decreased?,normal
<PIL.JpegImagePlugin.JpegImageFile image mode=RGB size=555x601 at 0x18337B787D0>,"is this a t1 weighted, t2 weighted, or flair image?",flair
<PIL.JpegImagePlugin.JpegImageFile image mode=RGB size=555x601 at 0x18337B78910>,"is this image modality t1, t2, or flair?",flair
<PIL.JpegImagePlugin.JpegImageFile image mode=RGB size=1024x1192 at 0x18337B78A50>,is this a pa film?,yes
<PIL.JpegImagePlugin.JpegImageFile image mode=RGB size=1024x1023 at 0x18337B78B90>,is this a lateral film?,no
<PIL.JpegImagePlugin.JpegImageFile image mode=RGB size=1024x1192 at 0x18337B78CD0>,is this film taken in a pa modality?,yes
<PIL.JpegImagePlugin.JpegImageFile image mode=RGB size=459x381 at 0x18337B78E10>,what is the hypodensity located inside the vertebrae?,nucleus pulposus
<PIL.JpegImagePlugin.JpegImageFile image mode=RGB size=459x381 at 0x18337B78F50>,what is the hypo-dense area seen in the vertebrae?,nucleus pulposus
<PIL.JpegImagePlugin.JpegImageFile image mode=RGB size=534x666 at 0x18337B79090>,is this the brain?,yes
<PIL.JpegImagePlugin.JpegImageFile image mode=RGB size=555x600 at 0x18337B791D0>,where in the brain is the lesion?,right parietal lobe
<PIL.JpegImagePlugin.JpegImageFile image mode=RGB size=555x600 at 0x18337B79310>,where is the lesion?,right parietal lobe
<PIL.JpegImagePlugin.JpegImageFile image mode=RGB size=1024x1304 at 0x18337B79450>,which organ system is imaged?,chest
<PIL.JpegImagePlugin.JpegImageFile image mode=RGB size=768x1020 at 0x18337B79590>,is there an abnormal lesion?,yes
<PIL.JpegImagePlugin.JpegImageFile image mode=RGB size=768x1020 at 0x18337B796D0>,is there a mass?,yes
<PIL.JpegImagePlugin.JpegImageFile image mode=RGB size=1024x1310 at 0x18337B79810>,what does the hypodensity suggest?,metastasis
<PIL.JpegImagePlugin.JpegImageFile image mode=RGB size=1024x1310 at 0x18337B79950>,what caused the lesion?,metastasis
<PIL.JpegImagePlugin.JpegImageFile image mode=RGB size=512x512 at 0x18337B79A90>,in what plane is this image taken?,axial
<PIL.JpegImagePlugin.JpegImageFile image mode=RGB size=1024x1295 at 0x18337B79BD0>,is this a study of the chest?,yes
<PIL.JpegImagePlugin.JpegImageFile image mode=RGB size=1024x1053 at 0x18337B79D10>,what is abnormal about the hila?,enlarged
<PIL.JpegImagePlugin.JpegImageFile image mode=RGB size=480x503 at 0x18337B79E50>,is there air under the diaphragm?,no
<PIL.JpegImagePlugin.JpegImageFile image mode=RGB size=1024x1053 at 0x18337B79F90>,is the hila normal or enlarged?,enlarged
<PIL.JpegImagePlugin.JpegImageFile image mode=RGB size=1024x1295 at 0x18337B7A0D0>,what is happening in the right lung?,volume loss
<PIL.JpegImagePlugin.JpegImageFile image mode=RGB size=1024x1295 at 0x18337B7A210>,what is finding in the right lung?,volume loss
<PIL.JpegImagePlugin.JpegImageFile image mode=RGB size=1024x642 at 0x18337B7A350>,what is most alarming about the appendix?,extraluminal air and small fluid collection
<PIL.JpegImagePlugin.JpegImageFile image mode=RGB size=512x512 at 0x18337B7A490>,is the liver normal?,no
<PIL.JpegImagePlugin.JpegImageFile image mode=RGB size=512x512 at 0x18337B7A5D0>,is this a normal image?,no
<PIL.JpegImagePlugin.JpegImageFile image mode=RGB size=1024x1023 at 0x18337B7A710>,are the lungs normal?,no
<PIL.JpegImagePlugin.JpegImageFile image mode=RGB size=1024x1023 at 0x18337B7A850>,is the chest x-ray normal?,no
<PIL.JpegImagePlugin.JpegImageFile image mode=RGB size=766x848 at 0x18337B7A990>,where is the mass?,extra-axial and at the right choroidal fissure
<PIL.JpegImagePlugin.JpegImageFile image mode=RGB size=1024x842 at 0x18337B7AAD0>,what can cause asymmetrical breasts?,prior surgery
<PIL.JpegImagePlugin.JpegImageFile image mode=RGB size=480x503 at 0x18337B7AC10>,is there evidence of a pneumothorax,no
<PIL.JpegImagePlugin.JpegImageFile image mode=RGB size=1024x1291 at 0x18337B7AD50>,what type of image is this?,chest x-ray
<PIL.JpegImagePlugin.JpegImageFile image mode=RGB size=1024x842 at 0x18337B7AE90>,why are the breasts asymmetrical?,prior surgery
<PIL.JpegImagePlugin.JpegImageFile image mode=RGB size=766x848 at 0x18337B7AFD0>,is the mass enhancing?,no
<PIL.JpegImagePlugin.JpegImageFile image mode=RGB size=1024x815 at 0x18337B7B110>,what organ is the mass in?,pancreas
<PIL.JpegImagePlugin.JpegImageFile image mode=RGB size=1024x815 at 0x18337B7B250>,where is the mass?,pancreas
<PIL.JpegImagePlugin.JpegImageFile image mode=RGB size=512x512 at 0x18337B7B390>,what abnormalities are in the right upper quadrant?,gallstones
<PIL.JpegImagePlugin.JpegImageFile image mode=RGB size=512x512 at 0x18337B7B4D0>,what is in the right upper quadrant?,gallstones
<PIL.JpegImagePlugin.JpegImageFile image mode=RGB size=512x512 at 0x18337B7B610>,which kidney is abnormal?,right
<PIL.JpegImagePlugin.JpegImageFile image mode=RGB size=512x512 at 0x18337B7B750>,which kidney has abnormalities?,right
<PIL.JpegImagePlugin.JpegImageFile image mode=RGB size=513x513 at 0x18337B7B890>,is there a pelvic fracture?,no
<PIL.JpegImagePlugin.JpegImageFile image mode=RGB size=512x512 at 0x18337B7B9D0>,is this a study of the brain?,no
<PIL.JpegImagePlugin.JpegImageFile image mode=RGB size=534x666 at 0x18337B7BB10>,is this a ct image?,no
<PIL.JpegImagePlugin.JpegImageFile image mode=RGB size=555x600 at 0x18337B7BC50>,what is the image suggestive of?,abscess
<PIL.JpegImagePlugin.JpegImageFile image mode=RGB size=555x600 at 0x18337B7BD90>,what is the lesion most likely to be?,abscess
<PIL.JpegImagePlugin.JpegImageFile image mode=RGB size=512x512 at 0x18337B7BED0>,describe the lesions in the right kidney?,cystic lesions
<PIL.JpegImagePlugin.JpegImageFile image mode=RGB size=512x512 at 0x18365F84050>,what is seen in the right kidney?,cystic lesions
<PIL.JpegImagePlugin.JpegImageFile image mode=RGB size=512x512 at 0x18365F84190>,did the patient have a cholecystectomy?,yes
<PIL.JpegImagePlugin.JpegImageFile image mode=RGB size=512x512 at 0x18365F842D0>,has the gallbladder been removed?,yes
<PIL.JpegImagePlugin.JpegImageFile image mode=RGB size=555x600 at 0x18365F84410>,is there evidence of enhancement?,yes
<PIL.JpegImagePlugin.JpegImageFile image mode=RGB size=555x600 at 0x18365F84550>,is the lesion enhancing?,yes
<PIL.JpegImagePlugin.JpegImageFile image mode=RGB size=512x512 at 0x18365F84690>,is there contrast given?,yes
<PIL.JpegImagePlugin.JpegImageFile image mode=RGB size=512x512 at 0x18365F847D0>,is this a ct scan?,yes
<PIL.JpegImagePlugin.JpegImageFile image mode=RGB size=1024x1291 at 0x18365F84910>,is this an anterior-posterior image,no
<PIL.JpegImagePlugin.JpegImageFile image mode=RGB size=1024x642 at 0x18365F84A50>,describe the appendix,"enlarged, fluid-filled"
<PIL.JpegImagePlugin.JpegImageFile image mode=RGB size=512x512 at 0x18365F84B90>,are there 2 kidneys?,yes
<PIL.JpegImagePlugin.JpegImageFile image mode=RGB size=512x512 at 0x18365F84CD0>,are there normal number of kidneys?,yes
<PIL.JpegImagePlugin.JpegImageFile image mode=RGB size=1024x642 at 0x18365F84E10>,where is the mass?,pancreatic body
<PIL.JpegImagePlugin.JpegImageFile image mode=RGB size=512x512 at 0x18365F84F50>,where is the abnormality?,right lobe of the liver
<PIL.JpegImagePlugin.JpegImageFile image mode=RGB size=512x512 at 0x18365F85090>,where is the hypodensity located?,right lobe of the liver
<PIL.JpegImagePlugin.JpegImageFile image mode=RGB size=263x324 at 0x18365F851D0>,which hemisphere is the ischemia located?,right hemisphere
<PIL.JpegImagePlugin.JpegImageFile image mode=RGB size=263x324 at 0x18365F85310>,where is the abnormality?,right pca
<PIL.JpegImagePlugin.JpegImageFile image mode=RGB size=1024x642 at 0x18365F85450>,is the mass homogeneous?,no
<PIL.JpegImagePlugin.JpegImageFile image mode=RGB size=555x709 at 0x18365F85590>,where is the abnormality in this image?,basal ganglia
<PIL.JpegImagePlugin.JpegImageFile image mode=RGB size=534x666 at 0x18365F856D0>,in what plane is this image oriented?,axial
<PIL.JpegImagePlugin.JpegImageFile image mode=RGB size=1024x842 at 0x18365F85810>,where is the catheter tip located?,right superior cavoatrial junction
<PIL.JpegImagePlugin.JpegImageFile image mode=RGB size=1024x842 at 0x18365F85950>,where does the catheter tip extend into?,right superior cavoatrial junction
<PIL.JpegImagePlugin.JpegImageFile image mode=RGB size=768x1020 at 0x18365F85A90>,does the mass affect neighboring structure?,yes
<PIL.JpegImagePlugin.JpegImageFile image mode=RGB size=768x1020 at 0x18365F85BD0>,is there mass effect?,yes
<PIL.JpegImagePlugin.JpegImageFile image mode=RGB size=766x848 at 0x18365F85D10>,is this image normal?,no
<PIL.JpegImagePlugin.JpegImageFile image mode=RGB size=513x513 at 0x18365F85E50>,is the small bowel filled with contrast?,yes
<PIL.JpegImagePlugin.JpegImageFile image mode=RGB size=513x513 at 0x18365F85F90>,is the cecum dilated,yes
<PIL.JpegImagePlugin.JpegImageFile image mode=RGB size=263x324 at 0x18365F860D0>,what does the abnormality suggest?,ischemia
<PIL.JpegImagePlugin.JpegImageFile image mode=RGB size=263x324 at 0x18365F86210>,what causes the hyperintensity?,ischemia
<PIL.JpegImagePlugin.JpegImageFile image mode=RGB size=1024x642 at 0x18365F86350>,is there fat stranding?,yes
<PIL.JpegImagePlugin.JpegImageFile image mode=RGB size=534x666 at 0x18365F86490>,is there a skull fracture pictured?,no
<PIL.JpegImagePlugin.JpegImageFile image mode=RGB size=1024x1053 at 0x18365F865D0>,is the heart abnormal?,yes
<PIL.JpegImagePlugin.JpegImageFile image mode=RGB size=1024x1053 at 0x18365F86710>,does the heart appear enlarged?,yes
<PIL.JpegImagePlugin.JpegImageFile image mode=RGB size=768x1020 at 0x18365F86850>,where is the mass?,suprasellar cistern
<PIL.JpegImagePlugin.JpegImageFile image mode=RGB size=768x1020 at 0x18365F86990>,where is the mass located?,suprasellar cistern
<PIL.JpegImagePlugin.JpegImageFile image mode=RGB size=512x512 at 0x18365F86AD0>,which plane is the image taken?,axial
<PIL.JpegImagePlugin.JpegImageFile image mode=RGB size=777x686 at 0x18365F86C10>,where is this plane relative to the eyes?,above
<PIL.JpegImagePlugin.JpegImageFile image mode=RGB size=419x512 at 0x18365F86D50>,how was this x-ray taken?,pa
<PIL.JpegImagePlugin.JpegImageFile image mode=RGB size=420x512 at 0x18365F86E90>,which ribs are located near the abnormality seen in this image?,4th and 5th
<PIL.JpegImagePlugin.JpegImageFile image mode=RGB size=420x512 at 0x18365F86FD0>,what level is the abnormality located at?,t5
<PIL.JpegImagePlugin.JpegImageFile image mode=RGB size=673x827 at 0x18365F87110>,do the lung markings extend to the periphery?,yes
<PIL.JpegImagePlugin.JpegImageFile image mode=RGB size=800x713 at 0x18365F87250>,was the arterial contrast phase selected?,yes
<PIL.JpegImagePlugin.JpegImageFile image mode=RGB size=673x827 at 0x18365F87390>,is a pneumothorax present in this image?,no
<PIL.JpegImagePlugin.JpegImageFile image mode=RGB size=288x287 at 0x18365F874D0>,does the width of the heart exceed more than half of the thorax?,no
<PIL.JpegImagePlugin.JpegImageFile image mode=RGB size=288x287 at 0x18365F87610>,how wide is the cardiac shadow?,less than half the thorax
<PIL.JpegImagePlugin.JpegImageFile image mode=RGB size=867x979 at 0x18365F87750>,is the diaphragm obscured?,no
<PIL.JpegImagePlugin.JpegImageFile image mode=RGB size=867x979 at 0x18365F87890>,is the diaphragm clearly visualized on both sides?,yes
<PIL.JpegImagePlugin.JpegImageFile image mode=RGB size=1024x1307 at 0x18365F879D0>,are nodular calcifications present in the lungs?,no
<PIL.JpegImagePlugin.JpegImageFile image mode=RGB size=1024x1307 at 0x18365F87B10>,what lesions are present in the lungs?,none
<PIL.JpegImagePlugin.JpegImageFile image mode=RGB size=512x512 at 0x18365F87C50>,how big is the liver lesion?,5 cm
<PIL.JpegImagePlugin.JpegImageFile image mode=RGB size=512x512 at 0x18365F87D90>,what is the size of the mass lesion?,5 cm
<PIL.JpegImagePlugin.JpegImageFile image mode=RGB size=512x512 at 0x18365F87ED0>,what is the modality by which the image was taken?,ct
<PIL.JpegImagePlugin.JpegImageFile image mode=RGB size=800x713 at 0x18365FB8050>,does this plane of section include the gastric cardia?,yes
<PIL.JpegImagePlugin.JpegImageFile image mode=RGB size=1024x1309 at 0x18365FB8190>,are the calcifications superior or inferior to the diaphragm?,superior
<PIL.JpegImagePlugin.JpegImageFile image mode=RGB size=1024x1309 at 0x18365FB82D0>,where in the image are the calcifications located?,high on the image
<PIL.JpegImagePlugin.JpegImageFile image mode=RGB size=942x774 at 0x18365FB8410>,where is the aortic arch?,right side
<PIL.JpegImagePlugin.JpegImageFile image mode=RGB size=942x774 at 0x18365FB8550>,which side of the image is the aortic arch visualized?,right side
<PIL.JpegImagePlugin.JpegImageFile image mode=RGB size=1024x1089 at 0x18365FB8690>,where is the lung lesion located?,right lung
<PIL.JpegImagePlugin.JpegImageFile image mode=RGB size=1024x1089 at 0x18365FB87D0>,which lobe of the lung is the lesion located in?,right upper lobe
<PIL.JpegImagePlugin.JpegImageFile image mode=RGB size=1024x1307 at 0x18365FB8910>,do bones appear lighter on this image's modality?,yes
<PIL.JpegImagePlugin.JpegImageFile image mode=RGB size=1024x656 at 0x18365FB8A50>,are the bowel loops on the right or left side of the patient?,left side
<PIL.JpegImagePlugin.JpegImageFile image mode=RGB size=1024x656 at 0x18365FB8B90>,where in this image are the bowel loops?,left side
<PIL.JpegImagePlugin.JpegImageFile image mode=RGB size=1024x654 at 0x18365FB8CD0>,is there evidence of periappendiceal fluid and fat stranding?,yes
<PIL.JpegImagePlugin.JpegImageFile image mode=RGB size=986x1200 at 0x18365FB8E10>,was this taken with good x ray penetration,yes
<PIL.JpegImagePlugin.JpegImageFile image mode=RGB size=1024x654 at 0x18365FB8F50>,what indicates that appendicitis is present?,periappendiceal fluid and fat stranding
<PIL.JpegImagePlugin.JpegImageFile image mode=RGB size=1024x654 at 0x18365FB9090>,is the appendix visualized with contrast?,no
<PIL.JpegImagePlugin.JpegImageFile image mode=RGB size=1024x654 at 0x18365FB91D0>,is there contrast in the appendix?,no
<PIL.JpegImagePlugin.JpegImageFile image mode=RGB size=512x512 at 0x18365FB9310>,are any organs besides the intestines present in this image?,yes
<PIL.JpegImagePlugin.JpegImageFile image mode=RGB size=512x512 at 0x18365FB9450>,"besides the intestines, what other organs are present?",kidneys
<PIL.JpegImagePlugin.JpegImageFile image mode=RGB size=708x514 at 0x18365FB9590>,is a cystic cavity present in the left kidney on this image?,no
<PIL.JpegImagePlugin.JpegImageFile image mode=RGB size=708x514 at 0x18365FB96D0>,is there a cyst in the left kidney?,no
<PIL.JpegImagePlugin.JpegImageFile image mode=RGB size=980x892 at 0x18365FB9810>,is this in the lumbar vertebral level?,yes
<PIL.JpegImagePlugin.JpegImageFile image mode=RGB size=512x512 at 0x18365FB9950>,is the pathologic part of this image the small bowel or colon?,small bowel
<PIL.JpegImagePlugin.JpegImageFile image mode=RGB size=512x512 at 0x18365FB9A90>,where is the intussesception located?,small bowel
<PIL.JpegImagePlugin.JpegImageFile image mode=RGB size=766x980 at 0x18365FB9BD0>,are the common ileac arteries and veins patent in this section?,yes
<PIL.JpegImagePlugin.JpegImageFile image mode=RGB size=1024x1056 at 0x18365FB9D10>,how many lesions are present in the image?,one
<PIL.JpegImagePlugin.JpegImageFile image mode=RGB size=1024x1056 at 0x18365FB9E50>,is there more that one lesion present?,no
<PIL.JpegImagePlugin.JpegImageFile image mode=RGB size=469x373 at 0x18365FB9F90>,is the liver normal?,yes
<PIL.JpegImagePlugin.JpegImageFile image mode=RGB size=469x373 at 0x18365FBA0D0>,is a ring enhancing lesion present in the right lobe of the liver?,no
<PIL.JpegImagePlugin.JpegImageFile image mode=RGB size=960x720 at 0x18365FBA210>,is the lesion on the patient's right or left side?,left side
<PIL.JpegImagePlugin.JpegImageFile image mode=RGB size=960x720 at 0x18365FBA350>,where on the image is the lesion?,left temporal lobe
<PIL.JpegImagePlugin.JpegImageFile image mode=RGB size=1024x1309 at 0x18365FBA490>,what are the two major organs present in this image?,heart 	lungs
<PIL.JpegImagePlugin.JpegImageFile image mode=RGB size=512x512 at 0x18365FBA5D0>,is the liver abnormal?,no
<PIL.JpegImagePlugin.JpegImageFile image mode=RGB size=512x512 at 0x18365FBA710>,are there any abnormal hypodense lesions in the liver?,no
<PIL.JpegImagePlugin.JpegImageFile image mode=RGB size=512x512 at 0x18365FBA850>,is the largest cyst in the left or right kidney?,left kidney
<PIL.JpegImagePlugin.JpegImageFile image mode=RGB size=766x980 at 0x18365FBA990>,are the common iliac vasculature open?,yes
<PIL.JpegImagePlugin.JpegImageFile image mode=RGB size=512x512 at 0x18365FBAAD0>,where is the largest cystic lesion in the image?,left kidney
<PIL.JpegImagePlugin.JpegImageFile image mode=RGB size=980x892 at 0x18365FBAC10>,was oral or iv contrast used?,both
<PIL.JpegImagePlugin.JpegImageFile image mode=RGB size=512x512 at 0x18365FBAD50>,are the lesions in the image more or less dense than surrounding tissue?,more dense
<PIL.JpegImagePlugin.JpegImageFile image mode=RGB size=512x512 at 0x18365FBAE90>,"what is denser, the cystic lesions or the kidney parenchyma?",cystic lesions
<PIL.JpegImagePlugin.JpegImageFile image mode=RGB size=777x686 at 0x18365FBAFD0>,is the primary abnormality more or less dense than surrounding matter?,less dense
<PIL.JpegImagePlugin.JpegImageFile image mode=RGB size=777x686 at 0x18365FBB110>,"what is denser, the mass or the surrounding brain tissue?",surrounding tissue
<PIL.JpegImagePlugin.JpegImageFile image mode=RGB size=469x373 at 0x18365FBB250>,is the lesion in this image more or less dense than the surrounding tissue?,less dense
<PIL.JpegImagePlugin.JpegImageFile image mode=RGB size=469x373 at 0x18365FBB390>,"what is denser, the lesion or the surrounding tissue?",the surrounding tissue
<PIL.JpegImagePlugin.JpegImageFile image mode=RGB size=777x686 at 0x18365FBB4D0>,was contrast applied?,no
<PIL.JpegImagePlugin.JpegImageFile image mode=RGB size=1024x1309 at 0x18365FBB610>,is this an ap image?,no
<PIL.JpegImagePlugin.JpegImageFile image mode=RGB size=1024x1307 at 0x18365FBB750>,what type of imaging does this not represent?,ultrasound
<PIL.JpegImagePlugin.JpegImageFile image mode=RGB size=1024x585 at 0x18365FBB890>,is the spleen normal size?,yes
<PIL.JpegImagePlugin.JpegImageFile image mode=RGB size=910x1138 at 0x18365FBB9D0>,are calcified lesions present in the lung fields?,no
<PIL.JpegImagePlugin.JpegImageFile image mode=RGB size=910x1138 at 0x18365FBBB10>,is there evidence of large calcified lesions in the lung fields?,no
<PIL.JpegImagePlugin.JpegImageFile image mode=RGB size=512x512 at 0x18365FBBC50>,what is the organ system visualized?,gastrointestinal
<PIL.JpegImagePlugin.JpegImageFile image mode=RGB size=1024x842 at 0x18365FBBD90>,is the air under the left hemidiaphragm pathologic?,no
<PIL.JpegImagePlugin.JpegImageFile image mode=RGB size=1024x842 at 0x18365FBBED0>,is there free air under the left diaphragm?,no
<PIL.JpegImagePlugin.JpegImageFile image mode=RGB size=419x512 at 0x18365FE4050>,is this image of the thorax?,yes
<PIL.JpegImagePlugin.JpegImageFile image mode=RGB size=1024x1056 at 0x18365FE4190>,where is the lesion?,right lower lobe
<PIL.JpegImagePlugin.JpegImageFile image mode=RGB size=1024x1056 at 0x18365FE42D0>,which lung lobe is the lesion present in?,right lower lobe
<PIL.JpegImagePlugin.JpegImageFile image mode=RGB size=288x287 at 0x18365FE4410>,where is the aneurysm located?,in the thorasic aorta
<PIL.JpegImagePlugin.JpegImageFile image mode=RGB size=288x287 at 0x18365FE4550>,what is the most important abnormality found in this image?,width of aorta
<PIL.JpegImagePlugin.JpegImageFile image mode=RGB size=1024x585 at 0x18365FE4690>,is the size of the spleen normal?,yes
<PIL.JpegImagePlugin.JpegImageFile image mode=RGB size=1024x1089 at 0x18365FE47D0>,at which rib is the lesion located?,7th rib
<PIL.JpegImagePlugin.JpegImageFile image mode=RGB size=1024x1089 at 0x18365FE4910>,what rib is the lesion located inferior to?,7th rib
<PIL.JpegImagePlugin.JpegImageFile image mode=RGB size=420x512 at 0x18365FE4A50>,on which side is the cardiac border more obscured?,right
<PIL.JpegImagePlugin.JpegImageFile image mode=RGB size=420x512 at 0x18365FE4B90>,where is the cardiac border more obscured?,right
<PIL.JpegImagePlugin.JpegImageFile image mode=RGB size=980x892 at 0x18365FE4CD0>,what organ system is primarily present in this image?,gastrointestinal
<PIL.JpegImagePlugin.JpegImageFile image mode=RGB size=1024x1089 at 0x18365FE4E10>,which side of the cardiac border is more prominent?,left
<PIL.JpegImagePlugin.JpegImageFile image mode=RGB size=1024x1089 at 0x18365FE4F50>,which cardiac border is more prominently visualized?,left
<PIL.JpegImagePlugin.JpegImageFile image mode=RGB size=419x512 at 0x18365FE5090>,is this image a ct scan?,no
<PIL.JpegImagePlugin.JpegImageFile image mode=RGB size=777x686 at 0x18365FE51D0>,is there evidence of hematoma?,no
<PIL.JpegImagePlugin.JpegImageFile image mode=RGB size=777x686 at 0x18365FE5310>,is there blood present?,no
<PIL.JpegImagePlugin.JpegImageFile image mode=RGB size=1024x1105 at 0x18365FE5450>,are there air fluid levels present in the small bowel?,yes
<PIL.JpegImagePlugin.JpegImageFile image mode=RGB size=987x1200 at 0x18365FE5590>,which lung has more extensive infiltration?,left
<PIL.JpegImagePlugin.JpegImageFile image mode=RGB size=987x1200 at 0x18365FE56D0>,where are the most infiltrates located?,left lung
<PIL.JpegImagePlugin.JpegImageFile image mode=RGB size=980x892 at 0x18365FE5810>,how would you describe the duodenum?,edematous
<PIL.JpegImagePlugin.JpegImageFile image mode=RGB size=980x892 at 0x18365FE5950>,is the duodenum edematous?,yes
<PIL.JpegImagePlugin.JpegImageFile image mode=RGB size=419x512 at 0x18365FE5A90>,is the largest air collection on the patient's left or the right side?,right side
<PIL.JpegImagePlugin.JpegImageFile image mode=RGB size=419x512 at 0x18365FE5BD0>,where is the largest air collection in this image?,right lung base
<PIL.JpegImagePlugin.JpegImageFile image mode=RGB size=867x979 at 0x18365FE5D10>,what is the location of the primary lesion?,right lung hilum
<PIL.JpegImagePlugin.JpegImageFile image mode=RGB size=987x1200 at 0x18365FE5E50>,is the air under the left hemidiaphragm pathologic?,no
<PIL.JpegImagePlugin.JpegImageFile image mode=RGB size=987x1200 at 0x18365FE5F90>,is subdiaphragmatic air present on the left side?,no
<PIL.JpegImagePlugin.JpegImageFile image mode=RGB size=777x686 at 0x18365FE60D0>,which side is the lateral ventricle visible on?,left
<PIL.JpegImagePlugin.JpegImageFile image mode=RGB size=1024x1105 at 0x18365FE6210>,is there contrast material showing air-fluid levels in the small bowel,yes
<PIL.JpegImagePlugin.JpegImageFile image mode=RGB size=777x686 at 0x18365FE6350>,where is the lateral ventricle?,left hemisphere
<PIL.JpegImagePlugin.JpegImageFile image mode=RGB size=512x512 at 0x18365FE6490>,where is the lesion located?,right lobe
<PIL.JpegImagePlugin.JpegImageFile image mode=RGB size=512x512 at 0x18365FE65D0>,which liver lobe is the lesion in?,right lobe
<PIL.JpegImagePlugin.JpegImageFile image mode=RGB size=708x514 at 0x18365FE6710>,is there an intussusception present?,no
<PIL.JpegImagePlugin.JpegImageFile image mode=RGB size=708x514 at 0x18365FE6850>,is there evidence of intussusception on the right side?,no
<PIL.JpegImagePlugin.JpegImageFile image mode=RGB size=288x287 at 0x18365FE6990>,is there a mass in the right hilum?,no
<PIL.JpegImagePlugin.JpegImageFile image mode=RGB size=288x287 at 0x18365FE6AD0>,is there evidence of a mass lesion at the right hilum?,no
<PIL.JpegImagePlugin.JpegImageFile image mode=RGB size=942x774 at 0x18365FE6C10>,is there a fracture on the left 5th rib?,no
<PIL.JpegImagePlugin.JpegImageFile image mode=RGB size=942x774 at 0x18365FE6D50>,is the left fifth rib broken?,no
<PIL.JpegImagePlugin.JpegImageFile image mode=RGB size=419x512 at 0x18365FE6E90>,is subcutaneous air present?,no
<PIL.JpegImagePlugin.JpegImageFile image mode=RGB size=555x747 at 0x18365FE6FD0>,is/are the mass located near/in the mid brain?,yes
<PIL.JpegImagePlugin.JpegImageFile image mode=RGB size=419x512 at 0x18365FE7110>,is there evidence of subcutaneous air collection?,no
<PIL.JpegImagePlugin.JpegImageFile image mode=RGB size=1024x1307 at 0x18365FE7250>,are any ribs in the image fractured?,no
<PIL.JpegImagePlugin.JpegImageFile image mode=RGB size=1024x1307 at 0x18365FE7390>,are there any fractures present?,no
<PIL.JpegImagePlugin.JpegImageFile image mode=RGB size=1024x842 at 0x18365FE74D0>,is the opacity near the left lung apex pathologic?,no
<PIL.JpegImagePlugin.JpegImageFile image mode=RGB size=1024x842 at 0x18365FE7610>,what is the opacity near the left lung apex?,pacemaker
<PIL.JpegImagePlugin.JpegImageFile image mode=RGB size=1024x1309 at 0x18365FE7750>,how was this image taken?,x-ray
<PIL.JpegImagePlugin.JpegImageFile image mode=RGB size=1024x842 at 0x18365FE7890>,where is the lesion?,in the right hilum
<PIL.JpegImagePlugin.JpegImageFile image mode=RGB size=1024x842 at 0x18365FE79D0>,which lobe is the lesion located in?,upper right lobe
<PIL.JpegImagePlugin.JpegImageFile image mode=RGB size=942x774 at 0x18365FE7B10>,is there any inappropriate air collection in subcutaneous tissue?,no
<PIL.JpegImagePlugin.JpegImageFile image mode=RGB size=942x774 at 0x18365FE7C50>,is subcutaneous air present?,no
<PIL.JpegImagePlugin.JpegImageFile image mode=RGB size=555x747 at 0x18365FE7D90>,is the mass compressing the mid brain on this section?,yes
<PIL.JpegImagePlugin.JpegImageFile image mode=RGB size=1024x1307 at 0x18365FE7ED0>,where on the image is most obscured?,right lung base
<PIL.JpegImagePlugin.JpegImageFile image mode=RGB size=1024x1307 at 0x1836601C050>,is the costophrenic angle blunted?,yes
<PIL.JpegImagePlugin.JpegImageFile image mode=RGB size=1024x1286 at 0x1836601C190>,what are the opacities to the left?,contrast in the intestines
<PIL.JpegImagePlugin.JpegImageFile image mode=RGB size=400x501 at 0x1836601C2D0>,is there any hemorrhage?,no
<PIL.JpegImagePlugin.JpegImageFile image mode=RGB size=512x512 at 0x1836601C410>,what are those densities in the wall of the aorta?,calcifications
<PIL.JpegImagePlugin.JpegImageFile image mode=RGB size=512x512 at 0x1836601C550>,what is the radiological description of the color of the edema?,hypodense
<PIL.JpegImagePlugin.JpegImageFile image mode=RGB size=323x322 at 0x1836601C690>,is the cerebellum visible?,no
<PIL.JpegImagePlugin.JpegImageFile image mode=RGB size=1024x557 at 0x1836601C7D0>,is this an axial image?,yes
<PIL.JpegImagePlugin.JpegImageFile image mode=RGB size=512x512 at 0x1836601C910>,is the liver normal in size?,no
<PIL.JpegImagePlugin.JpegImageFile image mode=RGB size=1024x1291 at 0x1836601CA50>,is this film properly exposed?,yes
<PIL.JpegImagePlugin.JpegImageFile image mode=RGB size=555x747 at 0x1836601CB90>,is the mass pushing on the midbrain structures?,yes
<PIL.JpegImagePlugin.JpegImageFile image mode=RGB size=843x768 at 0x1836601CCD0>,is it possible to see the cerebellum in this image?,no
<PIL.JpegImagePlugin.JpegImageFile image mode=RGB size=762x630 at 0x1836601CE10>,is the heart dilated?,no
<PIL.JpegImagePlugin.JpegImageFile image mode=RGB size=1024x1030 at 0x1836601CF50>,in which lobe is the nodule located?,left upper lobe
<PIL.JpegImagePlugin.JpegImageFile image mode=RGB size=512x480 at 0x1836601D090>,is the patient's kidney this large mass to the right?,yes
<PIL.JpegImagePlugin.JpegImageFile image mode=RGB size=960x1200 at 0x1836601D1D0>,are these small opacities in the right lung calcifications?,no
<PIL.JpegImagePlugin.JpegImageFile image mode=RGB size=1024x1030 at 0x1836601D310>,is there any shifting on the path of the trachea?,no
<PIL.JpegImagePlugin.JpegImageFile image mode=RGB size=843x768 at 0x1836601D450>,is there swelling of the choroid fissure?,no
<PIL.JpegImagePlugin.JpegImageFile image mode=RGB size=323x322 at 0x1836601D590>,is this a mri image?,yes
<PIL.JpegImagePlugin.JpegImageFile image mode=RGB size=296x336 at 0x1836601D6D0>,is there swelling around the lesion?,no
<PIL.JpegImagePlugin.JpegImageFile image mode=RGB size=1024x1030 at 0x1836601D810>,what is the organ principally shown in this image?,lung
<PIL.JpegImagePlugin.JpegImageFile image mode=RGB size=556x635 at 0x1836601D950>,are brain structures shifted across the midline?,no
<PIL.JpegImagePlugin.JpegImageFile image mode=RGB size=370x495 at 0x1836601DA90>,are the basal ganglia enlarged?,no
<PIL.JpegImagePlugin.JpegImageFile image mode=RGB size=318x391 at 0x1836601DBD0>,is there any other alteration in the image?,no
<PIL.JpegImagePlugin.JpegImageFile image mode=RGB size=843x768 at 0x1836601DD10>,what are those lines in the posterior brain?,imaging artifacts
<PIL.JpegImagePlugin.JpegImageFile image mode=RGB size=444x566 at 0x1836601DE50>,is the medulla swollen?,yes
<PIL.JpegImagePlugin.JpegImageFile image mode=RGB size=766x910 at 0x1836601DF90>,what are these densities inside the intestines?,contrast
<PIL.JpegImagePlugin.JpegImageFile image mode=RGB size=1024x1291 at 0x1836601E0D0>,what is the name of this image's plane?,posteroanterior
<PIL.JpegImagePlugin.JpegImageFile image mode=RGB size=305x427 at 0x1836601E210>,is the lesion infiltrating?,no
<PIL.JpegImagePlugin.JpegImageFile image mode=RGB size=759x611 at 0x1836601E350>,is the abdomen distended?,no
<PIL.JpegImagePlugin.JpegImageFile image mode=RGB size=1024x1286 at 0x1836601E490>,is there leakage of contrast?,no
<PIL.JpegImagePlugin.JpegImageFile image mode=RGB size=323x322 at 0x1836601E5D0>,in which lobe is the enhancement?,right frontal lobe
<PIL.JpegImagePlugin.JpegImageFile image mode=RGB size=556x635 at 0x1836601E710>,is there a midline shift of the cerebral parenchyma?,no
<PIL.JpegImagePlugin.JpegImageFile image mode=RGB size=1024x1030 at 0x1836601E850>,is this a solitary nodule?,yes
<PIL.JpegImagePlugin.JpegImageFile image mode=RGB size=1024x1286 at 0x1836601E990>,is there ascites?,no
<PIL.JpegImagePlugin.JpegImageFile image mode=RGB size=370x495 at 0x1836601EAD0>,is there any hemorrhage?,no
<PIL.JpegImagePlugin.JpegImageFile image mode=RGB size=1024x1291 at 0x1836601EC10>,is the right lung normal in size?,no
<PIL.JpegImagePlugin.JpegImageFile image mode=RGB size=759x611 at 0x1836601ED50>,is there a cyst in the right kidney?,no
<PIL.JpegImagePlugin.JpegImageFile image mode=RGB size=843x768 at 0x1836601EE90>,what is the plane of this image?,axial
<PIL.JpegImagePlugin.JpegImageFile image mode=RGB size=370x495 at 0x1836601EFD0>,is there involvement of the temporal lobes?,no
<PIL.JpegImagePlugin.JpegImageFile image mode=RGB size=305x427 at 0x1836601F110>,are the brain ventricles visible?,no
<PIL.JpegImagePlugin.JpegImageFile image mode=RGB size=512x512 at 0x1836601F250>,is there fluid in the anterior abdominal wall?,no
<PIL.JpegImagePlugin.JpegImageFile image mode=RGB size=512x512 at 0x1836601F390>,are the lateral ventricles compressed?,yes
<PIL.JpegImagePlugin.JpegImageFile image mode=RGB size=960x1200 at 0x1836601F4D0>,is the gallbladder large in size?,no
<PIL.JpegImagePlugin.JpegImageFile image mode=RGB size=960x1200 at 0x1836601F610>,is this a cyst in the left lung?,no
<PIL.JpegImagePlugin.JpegImageFile image mode=RGB size=1024x1291 at 0x1836601F750>,what is happening with the path of the trachea?,it is shifted to the right
<PIL.JpegImagePlugin.JpegImageFile image mode=RGB size=1024x1291 at 0x1836601F890>,is the stomach dilated?,no
<PIL.JpegImagePlugin.JpegImageFile image mode=RGB size=318x391 at 0x1836601F9D0>,where are the enlarged feeding arteries located?,occipital lobe
<PIL.JpegImagePlugin.JpegImageFile image mode=RGB size=1024x557 at 0x1836601FB10>,is the right kidney at its normal height in the abdomen?,yes
<PIL.JpegImagePlugin.JpegImageFile image mode=RGB size=843x768 at 0x1836601FC50>,is this an infiltrating mass?,yes
<PIL.JpegImagePlugin.JpegImageFile image mode=RGB size=766x910 at 0x1836601FD90>,is the renal mass distending the abdominal wall?,a bit
<PIL.JpegImagePlugin.JpegImageFile image mode=RGB size=759x611 at 0x1836601FED0>,is it contrast these hyperintensities in the intestines?,yes
<PIL.JpegImagePlugin.JpegImageFile image mode=RGB size=512x512 at 0x18366048050>,what is the hypodensity in the posterior left?,the posterior horn of the left lateral ventricle
<PIL.JpegImagePlugin.JpegImageFile image mode=RGB size=512x512 at 0x18366048190>,what is this mass to the left of the patient?,the liver
<PIL.JpegImagePlugin.JpegImageFile image mode=RGB size=480x503 at 0x183660482D0>,is this a mri of the chest?,no
<PIL.JpegImagePlugin.JpegImageFile image mode=RGB size=960x1200 at 0x18366048410>,is the gallbladder distended?,no
<PIL.JpegImagePlugin.JpegImageFile image mode=RGB size=444x566 at 0x18366048550>,is there lesion to other structures besides the medulla?,no
<PIL.JpegImagePlugin.JpegImageFile image mode=RGB size=400x501 at 0x18366048690>,what are these hyperintensities to the right?,infarcted areas
<PIL.JpegImagePlugin.JpegImageFile image mode=RGB size=360x437 at 0x183660487D0>,are there any other cysts in the image?,no
<PIL.JpegImagePlugin.JpegImageFile image mode=RGB size=1024x557 at 0x18366048910>,is there any lesion in the left kidney,no
<PIL.JpegImagePlugin.JpegImageFile image mode=RGB size=512x480 at 0x18366048A50>,are there multiple masses or just a single big one?,just one
<PIL.JpegImagePlugin.JpegImageFile image mode=RGB size=1024x557 at 0x18366048B90>,are the kidneys atrophied?,no
<PIL.JpegImagePlugin.JpegImageFile image mode=RGB size=512x512 at 0x18366048CD0>,what are these hypodensities in the liver?,fat accumulations
<PIL.JpegImagePlugin.JpegImageFile image mode=RGB size=360x437 at 0x18366048E10>,in which lobe is the cyst?,right frontal lobe
<PIL.JpegImagePlugin.JpegImageFile image mode=RGB size=296x336 at 0x18366048F50>,is it possible to see the cerebellum?,no
<PIL.JpegImagePlugin.JpegImageFile image mode=RGB size=444x566 at 0x18366049090>,is this a ct image?,no
<PIL.JpegImagePlugin.JpegImageFile image mode=RGB size=1024x1024 at 0x183660491D0>,are there >8 ribs shown in this image?,yes
<PIL.JpegImagePlugin.JpegImageFile image mode=RGB size=1024x1291 at 0x18366049310>,how do we call these wide undulations along the vertebral column?,scoliosis
<PIL.JpegImagePlugin.JpegImageFile image mode=RGB size=762x630 at 0x18366049450>,to which side is the trachea deviated?,right
<PIL.JpegImagePlugin.JpegImageFile image mode=RGB size=512x480 at 0x18366049590>,is the left kidney affected?,no
<PIL.JpegImagePlugin.JpegImageFile image mode=RGB size=400x501 at 0x183660496D0>,is the brain atrophied or shrunk?,no
<PIL.JpegImagePlugin.JpegImageFile image mode=RGB size=323x322 at 0x18366049810>,are there fractures on the skull?,no
<PIL.JpegImagePlugin.JpegImageFile image mode=RGB size=444x566 at 0x18366049950>,is there any lesion to bone structures?,no
<PIL.JpegImagePlugin.JpegImageFile image mode=RGB size=1024x1310 at 0x18366049A90>,is the heart a normal size?,yes
<PIL.JpegImagePlugin.JpegImageFile image mode=RGB size=1024x1310 at 0x18366049BD0>,is the heart size normal?,yes
<PIL.JpegImagePlugin.JpegImageFile image mode=RGB size=589x623 at 0x18366049D10>,can a pulmonary mass be appreciated?,no
<PIL.JpegImagePlugin.JpegImageFile image mode=RGB size=589x623 at 0x18366049E50>,is a pulmonary mass present?,no
<PIL.JpegImagePlugin.JpegImageFile image mode=RGB size=1024x1024 at 0x18366049F90>,are there at least 8 ribs visible for good inspiratory effort?,yes
<PIL.JpegImagePlugin.JpegImageFile image mode=RGB size=1024x1500 at 0x1836604A0D0>,is this a solid or cystic lesion?,solid
<PIL.JpegImagePlugin.JpegImageFile image mode=RGB size=1024x1500 at 0x1836604A210>,is the lesion a solid or cystic lesion?,solid
<PIL.JpegImagePlugin.JpegImageFile image mode=RGB size=1024x1023 at 0x1836604A350>,is this in the pa plane?,yes
<PIL.JpegImagePlugin.JpegImageFile image mode=RGB size=589x623 at 0x1836604A490>,is there anything abnormal about the heart size?,yes
<PIL.JpegImagePlugin.JpegImageFile image mode=RGB size=589x623 at 0x1836604A5D0>,is the heart enlarged?,yes
<PIL.JpegImagePlugin.JpegImageFile image mode=RGB size=1024x1156 at 0x1836604A710>,is this patient male or female?,female
<PIL.JpegImagePlugin.JpegImageFile image mode=RGB size=1024x1156 at 0x1836604A850>,what is the likely sex of this patient?,female
<PIL.JpegImagePlugin.JpegImageFile image mode=RGB size=388x542 at 0x1836604A990>,is the cerebellum present in the image?,no
<PIL.JpegImagePlugin.JpegImageFile image mode=RGB size=1024x1310 at 0x1836604AAD0>,can this image highlight bone fractures (if present)?,yes
<PIL.JpegImagePlugin.JpegImageFile image mode=RGB size=781x703 at 0x1836604AC10>,can you appreciate a pleural effusion?,no
<PIL.JpegImagePlugin.JpegImageFile image mode=RGB size=896x767 at 0x1836604AD50>,is this an image of the cerebellum,yes
<PIL.JpegImagePlugin.JpegImageFile image mode=RGB size=781x703 at 0x1836604AE90>,is a pleural effusion present?,no
<PIL.JpegImagePlugin.JpegImageFile image mode=RGB size=1024x572 at 0x1836604AFD0>,do you see a subdural hematoma?,no
<PIL.JpegImagePlugin.JpegImageFile image mode=RGB size=1024x572 at 0x1836604B110>,is there a subdural hematoma?,no
<PIL.JpegImagePlugin.JpegImageFile image mode=RGB size=1024x645 at 0x1836604B250>,approximately how much time was required to obtain this image?,10-20 minutes
<PIL.JpegImagePlugin.JpegImageFile image mode=RGB size=781x703 at 0x1836604B390>,is the heart enlarged?,no
<PIL.JpegImagePlugin.JpegImageFile image mode=RGB size=781x703 at 0x1836604B4D0>,is the heart size increased?,no
<PIL.JpegImagePlugin.JpegImageFile image mode=RGB size=512x512 at 0x1836604B610>,is this a ring enhancing lesion?,no
<PIL.JpegImagePlugin.JpegImageFile image mode=RGB size=512x512 at 0x1836604B750>,is there ring-enhancement?,no
<PIL.JpegImagePlugin.JpegImageFile image mode=RGB size=512x512 at 0x1836604B890>,are the dark areas grey or white matter?,white matter
<PIL.JpegImagePlugin.JpegImageFile image mode=RGB size=512x512 at 0x1836604B9D0>,the dark areas of the image show what type of brain matter?,white matter
<PIL.JpegImagePlugin.JpegImageFile image mode=RGB size=556x635 at 0x1836604BB10>,is this a transverse section?,yes
<PIL.JpegImagePlugin.JpegImageFile image mode=RGB size=1024x572 at 0x1836604BC50>,which ventricles are visible?,lateral ventricles
<PIL.JpegImagePlugin.JpegImageFile image mode=RGB size=388x542 at 0x1836604BD90>,is there a fracture?,no
<PIL.JpegImagePlugin.JpegImageFile image mode=RGB size=388x542 at 0x1836604BED0>,is a fracture present?,no
<PIL.JpegImagePlugin.JpegImageFile image mode=RGB size=1024x1193 at 0x1836607C050>,is this image sufficient for a diagnosis?,no
<PIL.JpegImagePlugin.JpegImageFile image mode=RGB size=1024x1193 at 0x1836607C190>,is the image enough to diagnose?,no
<PIL.JpegImagePlugin.JpegImageFile image mode=RGB size=341x428 at 0x1836607C2D0>,would you suspect abcess or cancer for this finding?,abscess
<PIL.JpegImagePlugin.JpegImageFile image mode=RGB size=341x428 at 0x1836607C410>,is this an abscess or cancer?,abscess
<PIL.JpegImagePlugin.JpegImageFile image mode=RGB size=1024x645 at 0x1836607C550>,what are the dark areas at the top of the picture?,large bowel
<PIL.JpegImagePlugin.JpegImageFile image mode=RGB size=1024x645 at 0x1836607C690>,what is the dark space in the body cavity near the top of the image?,large bowel
<PIL.JpegImagePlugin.JpegImageFile image mode=RGB size=589x623 at 0x1836607C7D0>,is there a right-sided pleural effusion?,no
<PIL.JpegImagePlugin.JpegImageFile image mode=RGB size=1024x1311 at 0x1836607C910>,is the patient's vertebral body indicative of normal aging?,yes
<PIL.JpegImagePlugin.JpegImageFile image mode=RGB size=589x623 at 0x1836607CA50>,is there an effusion present on the right-side?,no
<PIL.JpegImagePlugin.JpegImageFile image mode=RGB size=1024x1023 at 0x1836607CB90>,do you see a pleural effusion?,no
<PIL.JpegImagePlugin.JpegImageFile image mode=RGB size=1024x1023 at 0x1836607CCD0>,is a pleural effusion present?,no
<PIL.JpegImagePlugin.JpegImageFile image mode=RGB size=512x512 at 0x1836607CE10>,are sections of bowel recognizable?,yes
<PIL.JpegImagePlugin.JpegImageFile image mode=RGB size=1024x1310 at 0x1836607CF50>,is a pleural effusion present?,no
<PIL.JpegImagePlugin.JpegImageFile image mode=RGB size=1024x1310 at 0x1836607D090>,is there a pleural effusion?,no
<PIL.JpegImagePlugin.JpegImageFile image mode=RGB size=1024x850 at 0x1836607D1D0>,is the heart size abnormal?,no
<PIL.JpegImagePlugin.JpegImageFile image mode=RGB size=1024x850 at 0x1836607D310>,is the heart enlarged?,no
<PIL.JpegImagePlugin.JpegImageFile image mode=RGB size=1024x1310 at 0x1836607D450>,what can be typically visualized in this plane?,lungs 	bony thoracic cavit y	mediastinum and great vessels
<PIL.JpegImagePlugin.JpegImageFile image mode=RGB size=1024x645 at 0x1836607D590>,in what space/cavity is the abnormal organ located?,retroperitoneum; retroperitoneal space
<PIL.JpegImagePlugin.JpegImageFile image mode=RGB size=1024x1311 at 0x1836607D6D0>,any observed degenerative changes in the vertebral body?,no
<PIL.JpegImagePlugin.JpegImageFile image mode=RGB size=512x512 at 0x1836607D810>,is the patient lying down?,yes
<PIL.JpegImagePlugin.JpegImageFile image mode=RGB size=1024x572 at 0x1836607D950>,how long does this imaging modality take to complete? (hours?	minutes?),~15 minutes	potentially faster with newer imaging systems
<PIL.JpegImagePlugin.JpegImageFile image mode=RGB size=1024x1023 at 0x1836607DA90>,can you evaluate the kidneys 	bladde r	or ureters in this image?,no
<PIL.JpegImagePlugin.JpegImageFile image mode=RGB size=1024x572 at 0x1836607DBD0>,can you appreciate a shift of the midline?,yes
<PIL.JpegImagePlugin.JpegImageFile image mode=RGB size=1024x572 at 0x1836607DD10>,is there a midline shift?,yes
<PIL.JpegImagePlugin.JpegImageFile image mode=RGB size=781x703 at 0x1836607DE50>,can you diagnose a pericardial effusion from this image?,no
<PIL.JpegImagePlugin.JpegImageFile image mode=RGB size=781x703 at 0x1836607DF90>,is this image sufficient to diagnose pericardial effusion?,no
<PIL.JpegImagePlugin.JpegImageFile image mode=RGB size=1024x572 at 0x1836607E0D0>,can a diagnosis or impression be made in this plane?,yes
<PIL.JpegImagePlugin.JpegImageFile image mode=RGB size=512x512 at 0x1836607E210>,would perform this same modality in a patient with aki?,no
<PIL.JpegImagePlugin.JpegImageFile image mode=RGB size=512x512 at 0x1836607E350>,are abdominal fat pads prominently visualized?,no
<PIL.JpegImagePlugin.JpegImageFile image mode=RGB size=512x512 at 0x1836607E490>,is there evidence of herniation of the small bowel into the abdominal wall?,no
<PIL.JpegImagePlugin.JpegImageFile image mode=RGB size=512x512 at 0x1836607E5D0>,can you see the abdominal fat pads?,no
<PIL.JpegImagePlugin.JpegImageFile image mode=RGB size=1024x1156 at 0x1836607E710>,is there a pleural effusion present?,no
<PIL.JpegImagePlugin.JpegImageFile image mode=RGB size=1024x1156 at 0x1836607E850>,is there a pleural effusion,no
<PIL.JpegImagePlugin.JpegImageFile image mode=RGB size=1024x1193 at 0x1836607E990>,did this patient sustain physical damage?,no
<PIL.JpegImagePlugin.JpegImageFile image mode=RGB size=1024x1193 at 0x1836607EAD0>,do you suspect a physical injury?,no
<PIL.JpegImagePlugin.JpegImageFile image mode=RGB size=1024x1500 at 0x1836607EC10>,can you see all of the ribs on the left side?,no
<PIL.JpegImagePlugin.JpegImageFile image mode=RGB size=1024x1500 at 0x1836607ED50>,can the left ribs be evaluated?,no
<PIL.JpegImagePlugin.JpegImageFile image mode=RGB size=1024x850 at 0x1836607EE90>,can you appreciate a pleural effusion anywhere?,no
<PIL.JpegImagePlugin.JpegImageFile image mode=RGB size=1024x850 at 0x1836607EFD0>,is pleural effusion present?,no
<PIL.JpegImagePlugin.JpegImageFile image mode=RGB size=512x512 at 0x1836607F110>,are adrenal glands present in this image?,no
<PIL.JpegImagePlugin.JpegImageFile image mode=RGB size=512x512 at 0x1836607F250>,is there evidence of an abdominal hernia?,no
<PIL.JpegImagePlugin.JpegImageFile image mode=RGB size=512x512 at 0x1836607F390>,can you see the adrenals?,no
<PIL.JpegImagePlugin.JpegImageFile image mode=RGB size=599x555 at 0x1836607F4D0>,did the problem originate in the brain?,no
<PIL.JpegImagePlugin.JpegImageFile image mode=RGB size=599x555 at 0x1836607F610>,do you suspect a primary brain process?,no
<PIL.JpegImagePlugin.JpegImageFile image mode=RGB size=1024x1310 at 0x1836607F750>,does the left humerus appear to be fractured?,no
<PIL.JpegImagePlugin.JpegImageFile image mode=RGB size=1024x1310 at 0x1836607F890>,is there a fracture of the left humerus?,no
<PIL.JpegImagePlugin.JpegImageFile image mode=RGB size=1024x645 at 0x1836607F9D0>,can this plane detect an aortic aneurysm 	if present?,yes
<PIL.JpegImagePlugin.JpegImageFile image mode=RGB size=1024x581 at 0x1836607FB10>,can a diagnosis of appendicitis be made from this image?,no
<PIL.JpegImagePlugin.JpegImageFile image mode=RGB size=1024x581 at 0x1836607FC50>,is this confirmed appendicitis?,no
<PIL.JpegImagePlugin.JpegImageFile image mode=RGB size=1024x1310 at 0x1836607FD90>,are both lungs abnormally inflated?,no
<PIL.JpegImagePlugin.JpegImageFile image mode=RGB size=388x542 at 0x1836607FED0>,can you visualize the 4th ventricle?,no
<PIL.JpegImagePlugin.JpegImageFile image mode=RGB size=1024x1105 at 0x1838C44C050>,are there air-fluid levels present on this ct radiograph?,yes
<PIL.JpegImagePlugin.JpegImageFile image mode=RGB size=388x542 at 0x1838C44C190>,is the 4th ventricle present in this image?,no
<PIL.JpegImagePlugin.JpegImageFile image mode=RGB size=1024x1500 at 0x1838C44C2D0>,can a pleural effusion be appreciated on the right side?,no
<PIL.JpegImagePlugin.JpegImageFile image mode=RGB size=1024x1500 at 0x1838C44C410>,is there a right-sided pleural effusion?,no
<PIL.JpegImagePlugin.JpegImageFile image mode=RGB size=512x512 at 0x1838C44C550>,do you suspect a physical injury or a medical process?,medical process
<PIL.JpegImagePlugin.JpegImageFile image mode=RGB size=512x512 at 0x1838C44C690>,what is the cause of this finding: medical process or physical injury?,medical process
<PIL.JpegImagePlugin.JpegImageFile image mode=RGB size=1024x572 at 0x1838C44C7D0>,does the skull appear fractured?,no
<PIL.JpegImagePlugin.JpegImageFile image mode=RGB size=1024x572 at 0x1838C44C910>,is there a skull fracture?,no
<PIL.JpegImagePlugin.JpegImageFile image mode=RGB size=400x453 at 0x1838C44CA50>,what is the secondary pathology?,moderate edema
<PIL.JpegImagePlugin.JpegImageFile image mode=RGB size=400x453 at 0x1838C44CB90>,what is the secondary abnormality in this image?,moderate edema
<PIL.JpegImagePlugin.JpegImageFile image mode=RGB size=444x454 at 0x1838C44CCD0>,is this an anoxic injury?,yes
<PIL.JpegImagePlugin.JpegImageFile image mode=RGB size=1024x1307 at 0x1838C44CE10>,what is not pictured in this image?,the extremities
<PIL.JpegImagePlugin.JpegImageFile image mode=RGB size=1024x1105 at 0x1838C44CF50>,is there evidence of air fluid levels in the patient's bowel?,yes
<PIL.JpegImagePlugin.JpegImageFile image mode=RGB size=444x454 at 0x1838C44D090>,is there anoxic brain infarction?,yes
<PIL.JpegImagePlugin.JpegImageFile image mode=RGB size=1024x842 at 0x1838C44D1D0>,does this image show heart failure?,yes
<PIL.JpegImagePlugin.JpegImageFile image mode=RGB size=1024x842 at 0x1838C44D310>,is this heart failure,yes
<PIL.JpegImagePlugin.JpegImageFile image mode=RGB size=925x1125 at 0x1838C44D450>,is the heart enlarged?,yes
<PIL.JpegImagePlugin.JpegImageFile image mode=RGB size=925x1125 at 0x1838C44D590>,is there cardiomegaly?,yes
<PIL.JpegImagePlugin.JpegImageFile image mode=RGB size=1024x842 at 0x1838C44D6D0>,is this coronal plane?,yes
<PIL.JpegImagePlugin.JpegImageFile image mode=RGB size=960x720 at 0x1838C44D810>,is the stomach wall thickened?,yes
<PIL.JpegImagePlugin.JpegImageFile image mode=RGB size=960x720 at 0x1838C44D950>,is there thickening of the gastric wall?,yes
<PIL.JpegImagePlugin.JpegImageFile image mode=RGB size=512x512 at 0x1838C44DA90>,what is the location of the mass,anterior to the transverse colon
<PIL.JpegImagePlugin.JpegImageFile image mode=RGB size=512x512 at 0x1838C44DBD0>,where is the mass located?,anterior to the transverse colon
<PIL.JpegImagePlugin.JpegImageFile image mode=RGB size=555x747 at 0x1838C44DD10>,have brain structures crossed the midline of the brain?,yes
<PIL.JpegImagePlugin.JpegImageFile image mode=RGB size=329x434 at 0x1838C44DE50>,is this an axial plane image,yes
<PIL.JpegImagePlugin.JpegImageFile image mode=RGB size=1024x1248 at 0x1838C44DF90>,is there a lung mass?,yes
<PIL.JpegImagePlugin.JpegImageFile image mode=RGB size=1024x1248 at 0x1838C44E0D0>,is there a mass in the lung?,yes
<PIL.JpegImagePlugin.JpegImageFile image mode=RGB size=847x643 at 0x1838C44E210>,is there a bowel obstrution,yes
<PIL.JpegImagePlugin.JpegImageFile image mode=RGB size=847x643 at 0x1838C44E350>,is the bowel obstructed?,yes
<PIL.JpegImagePlugin.JpegImageFile image mode=RGB size=337x411 at 0x1838C44E490>,is there hemorrhage?,no
<PIL.JpegImagePlugin.JpegImageFile image mode=RGB size=337x411 at 0x1838C44E5D0>,is hemorrhage seen?,no
<PIL.JpegImagePlugin.JpegImageFile image mode=RGB size=400x453 at 0x1838C44E710>,what is the primary abnormality in this image?,ring enhancing lesion in the left occipital lobe
<PIL.JpegImagePlugin.JpegImageFile image mode=RGB size=400x453 at 0x1838C44E850>,what is the primary pathology,ring enhancing lesion in the left occipital lobe
<PIL.JpegImagePlugin.JpegImageFile image mode=RGB size=512x512 at 0x1838C44E990>,is the peritoneum thickened?,yes
<PIL.JpegImagePlugin.JpegImageFile image mode=RGB size=555x747 at 0x1838C44EAD0>,is there evidence of midlight shift of structures on this mri?,yes
<PIL.JpegImagePlugin.JpegImageFile image mode=RGB size=512x512 at 0x1838C44EC10>,is there thickening of the peritoneum?,yes
<PIL.JpegImagePlugin.JpegImageFile image mode=RGB size=512x512 at 0x1838C44ED50>,is this mass located in the liver?,yes
<PIL.JpegImagePlugin.JpegImageFile image mode=RGB size=512x512 at 0x1838C44EE90>,is this a hepatic mass?,yes
<PIL.JpegImagePlugin.JpegImageFile image mode=RGB size=512x510 at 0x1838C44EFD0>,the pathology is located in which lobes of the brain?,parietal and occipital lobes
<PIL.JpegImagePlugin.JpegImageFile image mode=RGB size=512x510 at 0x1838C44F110>,which lobes demonstrate pathology,parietal and occipital lobes
<PIL.JpegImagePlugin.JpegImageFile image mode=RGB size=337x411 at 0x1838C44F250>,what is the likely pathology?,pres
<PIL.JpegImagePlugin.JpegImageFile image mode=RGB size=337x411 at 0x1838C44F390>,what is the most likely cause of these abnormalities?,pres
<PIL.JpegImagePlugin.JpegImageFile image mode=RGB size=1024x1118 at 0x1838C44F4D0>,does this constitute a pulmonary pathology?,yes
<PIL.JpegImagePlugin.JpegImageFile image mode=RGB size=337x411 at 0x1838C44F610>,what organ system is displayed?,cns
<PIL.JpegImagePlugin.JpegImageFile image mode=RGB size=555x691 at 0x1838C44F750>,are the sulci blunted?,yes
<PIL.JpegImagePlugin.JpegImageFile image mode=RGB size=986x1200 at 0x1838C44F890>,was this taken in pa position?,yes
<PIL.JpegImagePlugin.JpegImageFile image mode=RGB size=555x691 at 0x1838C44F9D0>,is there blunting of the sulci?,yes
<PIL.JpegImagePlugin.JpegImageFile image mode=RGB size=1024x1310 at 0x1838C44FB10>,is the mass cystic?,yes
<PIL.JpegImagePlugin.JpegImageFile image mode=RGB size=1024x1310 at 0x1838C44FC50>,would you describe the mass as cystic?,yes
<PIL.JpegImagePlugin.JpegImageFile image mode=RGB size=847x643 at 0x1838C44FD90>,what is the location of the mass?,cecum
<PIL.JpegImagePlugin.JpegImageFile image mode=RGB size=847x643 at 0x1838C44FED0>,where is the mass?,cecum
<PIL.JpegImagePlugin.JpegImageFile image mode=RGB size=1024x1159 at 0x1838C480050>,is this lesion loculated,no
<PIL.JpegImagePlugin.JpegImageFile image mode=RGB size=1024x1159 at 0x1838C480190>,is there loculation of this lesion?,no
<PIL.JpegImagePlugin.JpegImageFile image mode=RGB size=1024x842 at 0x1838C4802D0>,is this a standing cxr,no
<PIL.JpegImagePlugin.JpegImageFile image mode=RGB size=329x434 at 0x1838C480410>,what organ system is this?,cns
<PIL.JpegImagePlugin.JpegImageFile image mode=RGB size=630x768 at 0x1838C480550>,what it causing the widening?,mass
<PIL.JpegImagePlugin.JpegImageFile image mode=RGB size=766x980 at 0x1838C480690>,is there evidence of air in the peritoneum?,yes
<PIL.JpegImagePlugin.JpegImageFile image mode=RGB size=630x768 at 0x1838C4807D0>,what is the widened mediastinum caused by?,mass
<PIL.JpegImagePlugin.JpegImageFile image mode=RGB size=1024x1118 at 0x1838C480910>,is this an ap cxr,yes
<PIL.JpegImagePlugin.JpegImageFile image mode=RGB size=337x411 at 0x1838C480A50>,is this an axial image?,yes
<PIL.JpegImagePlugin.JpegImageFile image mode=RGB size=1024x842 at 0x1838C480B90>,what is the modality?,cxr
<PIL.JpegImagePlugin.JpegImageFile image mode=RGB size=1024x842 at 0x1838C480CD0>,is the pulmonary system shown?,yes
<PIL.JpegImagePlugin.JpegImageFile image mode=RGB size=960x720 at 0x1838C480E10>,in what system is the pathology?,gi
<PIL.JpegImagePlugin.JpegImageFile image mode=RGB size=960x720 at 0x1838C480F50>,what system is this pathology in?,gi
<PIL.JpegImagePlugin.JpegImageFile image mode=RGB size=512x512 at 0x1838C481090>,is the structure cystic?,yes
<PIL.JpegImagePlugin.JpegImageFile image mode=RGB size=512x512 at 0x1838C4811D0>,is the mass a cyst?,yes
<PIL.JpegImagePlugin.JpegImageFile image mode=RGB size=1024x1310 at 0x1838C481310>,do the masses contain calcification?,yes
<PIL.JpegImagePlugin.JpegImageFile image mode=RGB size=766x980 at 0x1838C481450>,is there air in the peritoneal cavity?,yes
<PIL.JpegImagePlugin.JpegImageFile image mode=RGB size=1024x1310 at 0x1838C481590>,is there calcification,yes
<PIL.JpegImagePlugin.JpegImageFile image mode=RGB size=630x768 at 0x1838C4816D0>,is the mediastinum widened?,yes
<PIL.JpegImagePlugin.JpegImageFile image mode=RGB size=630x768 at 0x1838C481810>,is there a widened mediastium?,yes
<PIL.JpegImagePlugin.JpegImageFile image mode=RGB size=1024x1118 at 0x1838C481950>,what plane is demonstrated?,coronal
<PIL.JpegImagePlugin.JpegImageFile image mode=RGB size=766x766 at 0x1838C481A90>,is the stomach filled?,yes
<PIL.JpegImagePlugin.JpegImageFile image mode=RGB size=766x766 at 0x1838C481BD0>,is there gastric fullness?,yes
<PIL.JpegImagePlugin.JpegImageFile image mode=RGB size=400x453 at 0x1838C481D10>,how would you characterize the lesion?,ring enhancing lesion
<PIL.JpegImagePlugin.JpegImageFile image mode=RGB size=400x453 at 0x1838C481E50>,what is the characterization of the lesion,ring enhancing lesion
<PIL.JpegImagePlugin.JpegImageFile image mode=RGB size=512x512 at 0x1838C481F90>,is the renal system dilated?,yes
<PIL.JpegImagePlugin.JpegImageFile image mode=RGB size=512x512 at 0x1838C4820D0>,is there hydronephrosis?,yes
<PIL.JpegImagePlugin.JpegImageFile image mode=RGB size=1024x1304 at 0x1838C482210>,are the hilar soft tissue densities symmetric?,no
<PIL.JpegImagePlugin.JpegImageFile image mode=RGB size=847x643 at 0x1838C482350>,is the bowel dilated?,yes
<PIL.JpegImagePlugin.JpegImageFile image mode=RGB size=847x643 at 0x1838C482490>,is there dilation of the bowel?,yes
<PIL.JpegImagePlugin.JpegImageFile image mode=RGB size=1024x1118 at 0x1838C4825D0>,what is the pathology?,left apical pneumothorax
<PIL.JpegImagePlugin.JpegImageFile image mode=RGB size=1024x1118 at 0x1838C482710>,what pathology is shown?,left apical pneumothorax
<PIL.JpegImagePlugin.JpegImageFile image mode=RGB size=1024x1310 at 0x1838C482850>,can you appreciate a mass in this image?,yes
<PIL.JpegImagePlugin.JpegImageFile image mode=RGB size=1024x1310 at 0x1838C482990>,is there a mass demonstrated?,yes
<PIL.JpegImagePlugin.JpegImageFile image mode=RGB size=1024x842 at 0x1838C482AD0>,doe this image depict an interstitial lung process?,yes
<PIL.JpegImagePlugin.JpegImageFile image mode=RGB size=1024x842 at 0x1838C482C10>,is there an interstitial lung process?,yes
<PIL.JpegImagePlugin.JpegImageFile image mode=RGB size=444x454 at 0x1838C482D50>,is the caudate nucleus involved?,yes
<PIL.JpegImagePlugin.JpegImageFile image mode=RGB size=444x454 at 0x1838C482E90>,is there involvement of the caudate nucleus?,yes
<PIL.JpegImagePlugin.JpegImageFile image mode=RGB size=1024x1304 at 0x1838C482FD0>,are the soft tissue densities in the left hilum equivalent in size to the soft tissue densities in the right hilum?,no
<PIL.JpegImagePlugin.JpegImageFile image mode=RGB size=329x434 at 0x1838C483110>,what is the lesion's disease origin?,vascular
<PIL.JpegImagePlugin.JpegImageFile image mode=RGB size=329x434 at 0x1838C483250>,"what disease origin is the lesion(eg, vascular vs. neoplastic)?",vascular
<PIL.JpegImagePlugin.JpegImageFile image mode=RGB size=630x768 at 0x1838C483390>,is this a pa film?,yes
<PIL.JpegImagePlugin.JpegImageFile image mode=RGB size=630x768 at 0x1838C4834D0>,does the pathology involve the cv system,yes
<PIL.JpegImagePlugin.JpegImageFile image mode=RGB size=1024x765 at 0x1838C483610>,does this image show a normal gallbladder?,yes
<PIL.JpegImagePlugin.JpegImageFile image mode=RGB size=1024x765 at 0x1838C483750>,is the gb normal?,yes
<PIL.JpegImagePlugin.JpegImageFile image mode=RGB size=512x512 at 0x1838C483890>,what is the composition of the mass?,fat
<PIL.JpegImagePlugin.JpegImageFile image mode=RGB size=512x512 at 0x1838C4839D0>,what is this mass primarily made of?,fat
<PIL.JpegImagePlugin.JpegImageFile image mode=RGB size=1024x765 at 0x1838C483B10>,is there gall bladder pathology?,no
<PIL.JpegImagePlugin.JpegImageFile image mode=RGB size=1024x765 at 0x1838C483C50>,is there pathology of the gallbladder?,no
<PIL.JpegImagePlugin.JpegImageFile image mode=RGB size=1023x841 at 0x1838C483D90>,is the descending aortic silhouette of normal contour?,yes
<PIL.JpegImagePlugin.JpegImageFile image mode=RGB size=925x1125 at 0x1838C483ED0>,what is the pathology in this image?,cardiomegaly
<PIL.JpegImagePlugin.JpegImageFile image mode=RGB size=925x1125 at 0x1838C4AC050>,what pathology is demonstrated?,cardiomegaly
<PIL.JpegImagePlugin.JpegImageFile image mode=RGB size=766x766 at 0x1838C4AC190>,can you appreciate inflammation?,yes
<PIL.JpegImagePlugin.JpegImageFile image mode=RGB size=766x766 at 0x1838C4AC2D0>,is there inflammation?,yes
<PIL.JpegImagePlugin.JpegImageFile image mode=RGB size=1024x842 at 0x1838C4AC410>,is the chest xray underexposed?,yes
<PIL.JpegImagePlugin.JpegImageFile image mode=RGB size=1024x842 at 0x1838C4AC550>,is this image underexposed?,yes
<PIL.JpegImagePlugin.JpegImageFile image mode=RGB size=555x691 at 0x1838C4AC690>,can you appreciate hemorrhage in this image?,yes
<PIL.JpegImagePlugin.JpegImageFile image mode=RGB size=555x691 at 0x1838C4AC7D0>,is there hemorrhage,yes
<PIL.JpegImagePlugin.JpegImageFile image mode=RGB size=1024x1187 at 0x1838C4AC910>,this radiograph contains what foreign body?,sternotomy wires and surgical clips
<PIL.JpegImagePlugin.JpegImageFile image mode=RGB size=1024x1187 at 0x1838C4ACA50>,what is the foreign body,sternotomy wires and surgical clips
<PIL.JpegImagePlugin.JpegImageFile image mode=RGB size=1023x841 at 0x1838C4ACB90>,is the descending aortic silhouette of normal contour and size?,yes
<PIL.JpegImagePlugin.JpegImageFile image mode=RGB size=1024x842 at 0x1838C4ACCD0>,what is the plane?,coronal
<PIL.JpegImagePlugin.JpegImageFile image mode=RGB size=337x411 at 0x1838C4ACE10>,what modality is shown?,flair mri
<PIL.JpegImagePlugin.JpegImageFile image mode=RGB size=1024x1248 at 0x1838C4ACF50>,do you see a cavitary lesion in this chest xray?,yes
<PIL.JpegImagePlugin.JpegImageFile image mode=RGB size=1024x1248 at 0x1838C4AD090>,is there a cavitary lesion?,yes
<PIL.JpegImagePlugin.JpegImageFile image mode=RGB size=1024x1280 at 0x1838C4AD1D0>,does this patient have cardiomegaly?,no
<PIL.JpegImagePlugin.JpegImageFile image mode=RGB size=1024x1008 at 0x1838C4AD310>,is this patient intubated?,no
<PIL.JpegImagePlugin.JpegImageFile image mode=RGB size=512x512 at 0x1838C4AD450>,is there intraperitoneal hemorrhage present in this image?,yes
<PIL.JpegImagePlugin.JpegImageFile image mode=RGB size=947x723 at 0x1838C4AD590>,can the kidneys be visualized in this ct scan?,yes
<PIL.JpegImagePlugin.JpegImageFile image mode=RGB size=516x730 at 0x1838C4AD6D0>,where can omental caking be seen in this image?,left lateral aspect of anterior peritoneum
<PIL.JpegImagePlugin.JpegImageFile image mode=RGB size=1023x841 at 0x1838C4AD810>,where is the lesion located?,left mid lung
<PIL.JpegImagePlugin.JpegImageFile image mode=RGB size=1024x1307 at 0x1838C4AD950>,is the trachea midline?,yes
<PIL.JpegImagePlugin.JpegImageFile image mode=RGB size=1023x841 at 0x1838C4ADA90>,is there tortuosity of the descending aorta?,yes
<PIL.JpegImagePlugin.JpegImageFile image mode=RGB size=1024x1008 at 0x1838C4ADBD0>,is this a pa image?,yes
<PIL.JpegImagePlugin.JpegImageFile image mode=RGB size=470x383 at 0x1838C4ADD10>,does this patient have a pneumothorax?,yes
<PIL.JpegImagePlugin.JpegImageFile image mode=RGB size=555x639 at 0x1838C4ADE50>,in what ventricle is the enhancing intraventricular mass seen?,4th ventricle
<PIL.JpegImagePlugin.JpegImageFile image mode=RGB size=1024x1304 at 0x1838C4ADF90>,what signs of appendicitis are seen in this image?,"fat stranding around the appendix, thickened appendiceal walls, dilated appendix, and an appendicolith is seen as well"
<PIL.JpegImagePlugin.JpegImageFile image mode=RGB size=2321x1384 at 0x1838C4AE0D0>,does this radiograph contain parts of the cardiovascular system?,yes
<PIL.JpegImagePlugin.JpegImageFile image mode=RGB size=555x639 at 0x1838C4AE210>,does this patient have a skull fracture?,no
<PIL.JpegImagePlugin.JpegImageFile image mode=RGB size=512x512 at 0x1838C4AE350>,does this image show a normal gallbladder?,no
<PIL.JpegImagePlugin.JpegImageFile image mode=RGB size=512x512 at 0x1838C4AE490>,is there fat stranding around the appendix?,yes
<PIL.JpegImagePlugin.JpegImageFile image mode=RGB size=2321x1384 at 0x1838C4AE5D0>,is the heart enlarged?,no
<PIL.JpegImagePlugin.JpegImageFile image mode=RGB size=555x675 at 0x1838C4AE710>,how would you describe this lesion?,ring enhancing lesion in the right frontal lobe
<PIL.JpegImagePlugin.JpegImageFile image mode=RGB size=1023x841 at 0x1838C4AE850>,is the descending aortic silhouette of normal size?,yes
<PIL.JpegImagePlugin.JpegImageFile image mode=RGB size=320x353 at 0x1838C4AE990>,is there acute blood present on this head ct?,no
<PIL.JpegImagePlugin.JpegImageFile image mode=RGB size=470x383 at 0x1838C4AEAD0>,does this patient have a pleural effusion?,no
<PIL.JpegImagePlugin.JpegImageFile image mode=RGB size=2321x1384 at 0x1838C4AEC10>,was this image taken in the ap or pa plane?,pa
<PIL.JpegImagePlugin.JpegImageFile image mode=RGB size=960x720 at 0x1838C4AED50>,what region of the brain shows hyperintensity?,right lenticular nucleus
<PIL.JpegImagePlugin.JpegImageFile image mode=RGB size=1024x1310 at 0x1838C4AEE90>,does this xray show an intubated patient?,no
<PIL.JpegImagePlugin.JpegImageFile image mode=RGB size=512x512 at 0x1838C4AEFD0>,is this an axial image?,yes
<PIL.JpegImagePlugin.JpegImageFile image mode=RGB size=470x383 at 0x1838C4AF110>,which side is the pneumothorax on?,right side
<PIL.JpegImagePlugin.JpegImageFile image mode=RGB size=555x639 at 0x1838C4AF250>,does this image display the cns?,yes
<PIL.JpegImagePlugin.JpegImageFile image mode=RGB size=947x723 at 0x1838C4AF390>,is this ct scan enhanced by iv contrast?,yes
<PIL.JpegImagePlugin.JpegImageFile image mode=RGB size=1024x1008 at 0x1838C4AF4D0>,does this image show a pneumothorax?,no
<PIL.JpegImagePlugin.JpegImageFile image mode=RGB size=896x767 at 0x1838C4AF610>,are the vertebral arteries patent in this section?,yes
<PIL.JpegImagePlugin.JpegImageFile image mode=RGB size=1024x1151 at 0x1838C4AF750>,what is represented by the black parts of the image within the large intestine?,air
<PIL.JpegImagePlugin.JpegImageFile image mode=RGB size=555x639 at 0x1838C4AF890>,does this image display hydrocephalus?,yes
<PIL.JpegImagePlugin.JpegImageFile image mode=RGB size=2321x1384 at 0x1838C4AF9D0>,which rib is fractured?,3rd rib
<PIL.JpegImagePlugin.JpegImageFile image mode=RGB size=555x639 at 0x1838C4AFB10>,in what plane is this mri taken?,axial
<PIL.JpegImagePlugin.JpegImageFile image mode=RGB size=1024x1008 at 0x1838C4AFC50>,what type of imaging modality is seen in this image?,x-ray plain film
<PIL.JpegImagePlugin.JpegImageFile image mode=RGB size=512x512 at 0x1838C4AFD90>,"what organ is seen in the left posterior portion of this image, to the left of the spinal column?",the left kidney
<PIL.JpegImagePlugin.JpegImageFile image mode=RGB size=2321x1384 at 0x1838C4AFED0>,is this a ct scan?,no
<PIL.JpegImagePlugin.JpegImageFile image mode=RGB size=512x512 at 0x1838C4DC050>,what solid organ is seen on the right side of this image?,the liver
<PIL.JpegImagePlugin.JpegImageFile image mode=RGB size=1024x1008 at 0x1838C4DC190>,what is one organ system seen in this image?,respiratory system
<PIL.JpegImagePlugin.JpegImageFile image mode=RGB size=1024x1310 at 0x1838C4DC2D0>,is this xray suggestive of aortic dissection?,no
<PIL.JpegImagePlugin.JpegImageFile image mode=RGB size=896x767 at 0x1838C4DC410>,are the vertebral arteries in view?,yes
<PIL.JpegImagePlugin.JpegImageFile image mode=RGB size=1023x841 at 0x1838C4DC550>,does this patient have any fractured ribs?,no
<PIL.JpegImagePlugin.JpegImageFile image mode=RGB size=512x512 at 0x1838C4DC690>,is there fat stranding shown in this image?,yes
<PIL.JpegImagePlugin.JpegImageFile image mode=RGB size=1024x1304 at 0x1838C4DC7D0>,what part of the body is being imaged?,the abdomen
<PIL.JpegImagePlugin.JpegImageFile image mode=RGB size=1024x1280 at 0x1838C4DC910>,what type of imaging modality is this?,xray - plain film
<PIL.JpegImagePlugin.JpegImageFile image mode=RGB size=516x730 at 0x1838C4DCA50>,what abnormality can be seen in the greater omentum?,omental caking
<PIL.JpegImagePlugin.JpegImageFile image mode=RGB size=516x730 at 0x1838C4DCB90>,is this a contrast enhanced image?,yes
<PIL.JpegImagePlugin.JpegImageFile image mode=RGB size=555x639 at 0x1838C4DCCD0>,is this an mri?,yes
<PIL.JpegImagePlugin.JpegImageFile image mode=RGB size=947x723 at 0x1838C4DCE10>,is the width of the abdominal aorta within normal limits?,no
<PIL.JpegImagePlugin.JpegImageFile image mode=RGB size=960x720 at 0x1838C4DCF50>,what type of mri sequence is this?,diffusion weighted imaging (dwi)
<PIL.JpegImagePlugin.JpegImageFile image mode=RGB size=512x512 at 0x1838C4DD090>,is this image enhanced by contrast?,yes
<PIL.JpegImagePlugin.JpegImageFile image mode=RGB size=766x978 at 0x1838C4DD1D0>,is the vertebro-basilar arterial network viewed in this section?,yes
<PIL.JpegImagePlugin.JpegImageFile image mode=RGB size=555x675 at 0x1838C4DD310>,what lobe of the brain is the lesion found in?,the right frontal lobe
<PIL.JpegImagePlugin.JpegImageFile image mode=RGB size=512x512 at 0x1838C4DD450>,there is a mass found in which organ?,the pancreas
<PIL.JpegImagePlugin.JpegImageFile image mode=RGB size=512x512 at 0x1838C4DD590>,does the appendix appear normal?,no
<PIL.JpegImagePlugin.JpegImageFile image mode=RGB size=1024x1304 at 0x1838C4DD6D0>,was this a contrast ct or a non-contrast ct?,contrast ct with gi and iv contrast
<PIL.JpegImagePlugin.JpegImageFile image mode=RGB size=634x867 at 0x1838C4DD810>,do we see diffuse cerebral edema in this mri?,no
<PIL.JpegImagePlugin.JpegImageFile image mode=RGB size=2321x1384 at 0x1838C4DD950>,what is the difference between the left and right costophrenic angles?,the left costophrenic angle is blunted
<PIL.JpegImagePlugin.JpegImageFile image mode=RGB size=1024x1280 at 0x1838C4DDA90>,is there a clavicle fracture shown in this radiograph?,no
<PIL.JpegImagePlugin.JpegImageFile image mode=RGB size=960x720 at 0x1838C4DDBD0>,on which side of the brain is the infarction?,right side
<PIL.JpegImagePlugin.JpegImageFile image mode=RGB size=383x455 at 0x1838C4DDD10>,there is a large enhancing mass growing from what organ in this ct scan?,the left kidney
<PIL.JpegImagePlugin.JpegImageFile image mode=RGB size=320x353 at 0x1838C4DDE50>,is this a contrast ct or a non-contrast ct?,non-contrast ct
<PIL.JpegImagePlugin.JpegImageFile image mode=RGB size=766x978 at 0x1838C4DDF90>,is the vertebral artery/basilar artery located in this image?,yes
<PIL.JpegImagePlugin.JpegImageFile image mode=RGB size=1024x910 at 0x1838C4DE0D0>,does this patient have an endotracheal tube placed?,no
<PIL.JpegImagePlugin.JpegImageFile image mode=RGB size=766x857 at 0x1838C4DE210>,which lobe of the brain demonstrates a hyper-intense signal in this t2 weighted mri image?,the left occipital lobe
<PIL.JpegImagePlugin.JpegImageFile image mode=RGB size=1024x910 at 0x1838C4DE350>,does this cxr display pneumoperitoneum?,no
<PIL.JpegImagePlugin.JpegImageFile image mode=RGB size=1024x1304 at 0x1838C4DE490>,is the appendix seen in this image ruptured?,no
<PIL.JpegImagePlugin.JpegImageFile image mode=RGB size=383x455 at 0x1838C4DE5D0>,can the liver be seen in this image?,yes
<PIL.JpegImagePlugin.JpegImageFile image mode=RGB size=512x512 at 0x1838C4DE710>,what imaging modality is seen here?,ct with gi and iv contrast
<PIL.JpegImagePlugin.JpegImageFile image mode=RGB size=1024x1151 at 0x1838C4DE850>,can you see intraperitoneal bleeding in this ct?,no
<PIL.JpegImagePlugin.JpegImageFile image mode=RGB size=383x455 at 0x1838C4DE990>,what vessel is seen just anterior to the spine enhancing with contrast?,the aorta
<PIL.JpegImagePlugin.JpegImageFile image mode=RGB size=512x512 at 0x1838C4DEAD0>,what two large vessels are seen directly anterior to the spinal column?,the aorta and the inferior vena cava
<PIL.JpegImagePlugin.JpegImageFile image mode=RGB size=1024x1304 at 0x1838C4DEC10>,is the appendix seen in this image inflamed?,yes
<PIL.JpegImagePlugin.JpegImageFile image mode=RGB size=337x451 at 0x1838C4DED50>,is there blurring of the grey-white matter junctions in the right temporal lobe?,yes
<PIL.JpegImagePlugin.JpegImageFile image mode=RGB size=512x512 at 0x1838C4DEE90>,does this image display the contents of the abdomen?,yes
<PIL.JpegImagePlugin.JpegImageFile image mode=RGB size=1024x910 at 0x1838C4DEFD0>,which side of the image is the thoracic mass located on?,left side
<PIL.JpegImagePlugin.JpegImageFile image mode=RGB size=512x512 at 0x1838C4DF110>,was contrast used with this image?,yes
<PIL.JpegImagePlugin.JpegImageFile image mode=RGB size=1024x1008 at 0x1838C4DF250>,does this image show a pleural effusion?,no
<PIL.JpegImagePlugin.JpegImageFile image mode=RGB size=423x465 at 0x1838C4DF390>,where is the bleed?,subarachnoid
<PIL.JpegImagePlugin.JpegImageFile image mode=RGB size=423x465 at 0x1838C4DF4D0>,what kind of brain bleed is this?,subarachnoid
<PIL.JpegImagePlugin.JpegImageFile image mode=RGB size=350x367 at 0x1838C4DF610>,where is the enhancement in left rectus muscles?,medial rectus
<PIL.JpegImagePlugin.JpegImageFile image mode=RGB size=350x367 at 0x1838C4DF750>,which rectus muscles are enhanced on the left?,medial rectus
<PIL.JpegImagePlugin.JpegImageFile image mode=RGB size=1024x758 at 0x1838C4DF890>,how do you tell which side is r vs l?,imagine the patient is laying down and you are looking from the feet
<PIL.JpegImagePlugin.JpegImageFile image mode=RGB size=988x728 at 0x1838C4DF9D0>,how can you tell contrast has been give orally?,bowel contents light up on image
<PIL.JpegImagePlugin.JpegImageFile image mode=RGB size=337x451 at 0x1838C4DFB10>,is there no definitive border between the grey matter and white matter in the right temporal lobe?,yes
<PIL.JpegImagePlugin.JpegImageFile image mode=RGB size=988x728 at 0x1838C4DFC50>,is the saggital plane?,no
<PIL.JpegImagePlugin.JpegImageFile image mode=RGB size=1024x1022 at 0x1838C4DFD90>,what type of image is this?,chest xray
<PIL.JpegImagePlugin.JpegImageFile image mode=RGB size=1024x1022 at 0x1838C4DFED0>,is there evidence of pneumothorax?,no
<PIL.JpegImagePlugin.JpegImageFile image mode=RGB size=1024x1022 at 0x1838C50C050>,is there a pneumothorax?,no
<PIL.JpegImagePlugin.JpegImageFile image mode=RGB size=444x532 at 0x1838C50C190>,what side are the infarcts located?,bilateral
<PIL.JpegImagePlugin.JpegImageFile image mode=RGB size=444x532 at 0x1838C50C2D0>,where are the infarcts seen?,bilateral
<PIL.JpegImagePlugin.JpegImageFile image mode=RGB size=1024x842 at 0x1838C50C410>,are the pulmonary arteries enlarged?,yes
<PIL.JpegImagePlugin.JpegImageFile image mode=RGB size=1024x842 at 0x1838C50C550>,do the pulmonary arteries appear enlarged?,yes
<PIL.JpegImagePlugin.JpegImageFile image mode=RGB size=960x720 at 0x1838C50C690>,is this an mri?,yes
<PIL.JpegImagePlugin.JpegImageFile image mode=RGB size=366x433 at 0x1838C50C7D0>,how would you describe the lesions?,loculated
<PIL.JpegImagePlugin.JpegImageFile image mode=RGB size=800x713 at 0x1838C50C910>,is there evidence of portal venous congestion?,no
<PIL.JpegImagePlugin.JpegImageFile image mode=RGB size=366x433 at 0x1838C50CA50>,what is one adjective to describe the lesion(s)?,loculated
<PIL.JpegImagePlugin.JpegImageFile image mode=RGB size=960x720 at 0x1838C50CB90>,are the lesions in the cerebellum?,yes
<PIL.JpegImagePlugin.JpegImageFile image mode=RGB size=905x1022 at 0x1838C50CCD0>,what kind of image is this?,chest x ray
<PIL.JpegImagePlugin.JpegImageFile image mode=RGB size=905x1022 at 0x1838C50CE10>,what modality is this?,chest x ray
<PIL.JpegImagePlugin.JpegImageFile image mode=RGB size=1024x1022 at 0x1838C50CF50>,are the findings normal?,no
<PIL.JpegImagePlugin.JpegImageFile image mode=RGB size=1024x1022 at 0x1838C50D090>,is this a normal image?,no
<PIL.JpegImagePlugin.JpegImageFile image mode=RGB size=350x367 at 0x1838C50D1D0>,where is the enhancement in right rectus muscles?,medial and lateral rectus
<PIL.JpegImagePlugin.JpegImageFile image mode=RGB size=350x367 at 0x1838C50D310>,which rectus muscles are enhanced on the right?,medial and lateral rectus
<PIL.JpegImagePlugin.JpegImageFile image mode=RGB size=1024x758 at 0x1838C50D450>,is this normal gallbladder finding?,no
<PIL.JpegImagePlugin.JpegImageFile image mode=RGB size=444x469 at 0x1838C50D590>,does the lesion demonstrate ring enhancement?,yes
<PIL.JpegImagePlugin.JpegImageFile image mode=RGB size=800x713 at 0x1838C50D6D0>,is the portal vein engorged?,no
<PIL.JpegImagePlugin.JpegImageFile image mode=RGB size=444x469 at 0x1838C50D810>,is this lesion ring enhancing?,yes
<PIL.JpegImagePlugin.JpegImageFile image mode=RGB size=555x695 at 0x1838C50D950>,is there evidence of calcification?,no
<PIL.JpegImagePlugin.JpegImageFile image mode=RGB size=555x695 at 0x1838C50DA90>,is the mass calcified?,no
<PIL.JpegImagePlugin.JpegImageFile image mode=RGB size=555x695 at 0x1838C50DBD0>,what is the location of the mass?,pineal gland
<PIL.JpegImagePlugin.JpegImageFile image mode=RGB size=555x695 at 0x1838C50DD10>,where is the mass located?,pineal gland
<PIL.JpegImagePlugin.JpegImageFile image mode=RGB size=1024x758 at 0x1838C50DE50>,do you always recommend using both iv and oral contrast?,no
<PIL.JpegImagePlugin.JpegImageFile image mode=RGB size=1024x842 at 0x1838C50DF90>,are the lungs hyperinflated?,yes
<PIL.JpegImagePlugin.JpegImageFile image mode=RGB size=1024x842 at 0x1838C50E0D0>,do the lungs appear hyperinflated?,yes
<PIL.JpegImagePlugin.JpegImageFile image mode=RGB size=1019x1280 at 0x1838C50E210>,the air fluid level is in which location?,cardiac region
<PIL.JpegImagePlugin.JpegImageFile image mode=RGB size=1019x1280 at 0x1838C50E350>,where is there an air fluid level?,cardiac region
<PIL.JpegImagePlugin.JpegImageFile image mode=RGB size=1024x1307 at 0x1838C50E490>,is there evidence of an aortic aneurysm?,no
<PIL.JpegImagePlugin.JpegImageFile image mode=RGB size=896x767 at 0x1838C50E5D0>,is the plane of section transverse?,yes
<PIL.JpegImagePlugin.JpegImageFile image mode=RGB size=423x465 at 0x1838C50E710>,do you see dependent layering in the occipital horns of the lateral ventricles?,yes
<PIL.JpegImagePlugin.JpegImageFile image mode=RGB size=423x465 at 0x1838C50E850>,is there dependent layering in the occipital horns of the lateral ventricles?,yes
<PIL.JpegImagePlugin.JpegImageFile image mode=RGB size=444x532 at 0x1838C50E990>,what do the hyperdensities represent?,infarct
<PIL.JpegImagePlugin.JpegImageFile image mode=RGB size=444x532 at 0x1838C50EAD0>,what are the hyperdensities indicative of?,infarct
<PIL.JpegImagePlugin.JpegImageFile image mode=RGB size=988x728 at 0x1838C50EC10>,what could cause this finding?,congenital developmental disorder? history of surgery and past manipulation?
<PIL.JpegImagePlugin.JpegImageFile image mode=RGB size=555x642 at 0x1838C50ED50>,what type of image modality is this?,mr flair
<PIL.JpegImagePlugin.JpegImageFile image mode=RGB size=555x642 at 0x1838C50EE90>,which image modality is this?,mr flair
<PIL.JpegImagePlugin.JpegImageFile image mode=RGB size=1024x1012 at 0x1838C50EFD0>,how is the image oriented?,pa
<PIL.JpegImagePlugin.JpegImageFile image mode=RGB size=1024x1012 at 0x1838C50F110>,what plane is this x-ray in?,pa
<PIL.JpegImagePlugin.JpegImageFile image mode=RGB size=350x367 at 0x1838C50F250>,are the enhanced muscles also enlarged?,yes
<PIL.JpegImagePlugin.JpegImageFile image mode=RGB size=1024x585 at 0x1838C50F390>,is the liver parenchyma normal?,yes
<PIL.JpegImagePlugin.JpegImageFile image mode=RGB size=350x367 at 0x1838C50F4D0>,do the enhanced muscles appear enlarged?,yes
<PIL.JpegImagePlugin.JpegImageFile image mode=RGB size=1024x1291 at 0x1838C50F610>,what side of the abdomen is the aorta on?,left
<PIL.JpegImagePlugin.JpegImageFile image mode=RGB size=1024x1291 at 0x1838C50F750>,where is the aorta located relative to the midline?,left
<PIL.JpegImagePlugin.JpegImageFile image mode=RGB size=905x1022 at 0x1838C50F890>,which side is abnormal?,left
<PIL.JpegImagePlugin.JpegImageFile image mode=RGB size=905x1022 at 0x1838C50F9D0>,which lung has a defect?,left
<PIL.JpegImagePlugin.JpegImageFile image mode=RGB size=366x433 at 0x1838C50FB10>,what area is abnormal?,right cerebellum
<PIL.JpegImagePlugin.JpegImageFile image mode=RGB size=366x433 at 0x1838C50FC50>,where is/are the abnormality located?,right cerebellum
<PIL.JpegImagePlugin.JpegImageFile image mode=RGB size=555x642 at 0x1838C50FD90>,in which area of the brain are the infarcts found?,right cerebellum
<PIL.JpegImagePlugin.JpegImageFile image mode=RGB size=555x642 at 0x1838C50FED0>,where are the infarcts located?,right cerebellum
<PIL.JpegImagePlugin.JpegImageFile image mode=RGB size=1024x1022 at 0x183BC900050>,what organ systems can be evaluated with this image?,respiratory 	cardia c	musculoskeletal
<PIL.JpegImagePlugin.JpegImageFile image mode=RGB size=1024x585 at 0x183BC900190>,is the liver parenchyma homogenous?,yes
<PIL.JpegImagePlugin.JpegImageFile image mode=RGB size=386x386 at 0x183BC9002D0>,what side is the lesion located on?,right
<PIL.JpegImagePlugin.JpegImageFile image mode=RGB size=386x386 at 0x183BC900410>,where is the lesion?,right
<PIL.JpegImagePlugin.JpegImageFile image mode=RGB size=386x386 at 0x183BC900550>,is the lesion located in gray or white matter?,white matter
<PIL.JpegImagePlugin.JpegImageFile image mode=RGB size=386x386 at 0x183BC900690>,is the lesion seen in the gray or white matter?,white matter
<PIL.JpegImagePlugin.JpegImageFile image mode=RGB size=366x433 at 0x183BC9007D0>,are the findings normal?,no
<PIL.JpegImagePlugin.JpegImageFile image mode=RGB size=366x433 at 0x183BC900910>,is this image normal?,no
<PIL.JpegImagePlugin.JpegImageFile image mode=RGB size=768x768 at 0x183BC900A50>,how can you tell this is a t2 weighted image?,csf is white
<PIL.JpegImagePlugin.JpegImageFile image mode=RGB size=1024x1022 at 0x183BC900B90>,is this image best taken on expiration?,no
<PIL.JpegImagePlugin.JpegImageFile image mode=RGB size=768x768 at 0x183BC900CD0>,what is the best mri weighting for ring enhancing lesions?,t2
<PIL.JpegImagePlugin.JpegImageFile image mode=RGB size=768x768 at 0x183BC900E10>,what is seen in the occipital lobe?,ring enhancing lesion
<PIL.JpegImagePlugin.JpegImageFile image mode=RGB size=1024x585 at 0x183BC900F50>,is there no evidence of any hypo- or hyperattenuations located in the liver?,yes
<PIL.JpegImagePlugin.JpegImageFile image mode=RGB size=768x768 at 0x183BC901090>,what is abnormal about the occipital lobe?,ring enhancing lesion
<PIL.JpegImagePlugin.JpegImageFile image mode=RGB size=555x642 at 0x183BC9011D0>,does the r vertebral artery appear normal?,no
<PIL.JpegImagePlugin.JpegImageFile image mode=RGB size=555x642 at 0x183BC901310>,is the right vertebral artery normal?,no
<PIL.JpegImagePlugin.JpegImageFile image mode=RGB size=1024x1291 at 0x183BC901450>,what plane is this image in?,axial
<PIL.JpegImagePlugin.JpegImageFile image mode=RGB size=1024x1291 at 0x183BC901590>,which plane is the image shown in?,axial
<PIL.JpegImagePlugin.JpegImageFile image mode=RGB size=960x720 at 0x183BC9016D0>,where are the lesions located?,bilateral cerebellum
<PIL.JpegImagePlugin.JpegImageFile image mode=RGB size=905x1022 at 0x183BC901810>,do you see fluid in the left lung?,yes
<PIL.JpegImagePlugin.JpegImageFile image mode=RGB size=905x1022 at 0x183BC901950>,is there fluid in the left lung?,yes
<PIL.JpegImagePlugin.JpegImageFile image mode=RGB size=444x469 at 0x183BC901A90>,where is the lesion located?,left parietal lobe
<PIL.JpegImagePlugin.JpegImageFile image mode=RGB size=444x469 at 0x183BC901BD0>,which lobe is the lesion in?,left parietal lobe
<PIL.JpegImagePlugin.JpegImageFile image mode=RGB size=1024x585 at 0x183BC901D10>,is the liver parenchyma homogenous and normal?,yes
<PIL.JpegImagePlugin.JpegImageFile image mode=RGB size=996x1128 at 0x183BC901E50>,does the heart appear normal size?,no
<PIL.JpegImagePlugin.JpegImageFile image mode=RGB size=996x1128 at 0x183BC901F90>,is the width of the cardiac silhouette normal?,no
<PIL.JpegImagePlugin.JpegImageFile image mode=RGB size=1024x842 at 0x183BC9020D0>,what type of image is this?,chest x-ray
<PIL.JpegImagePlugin.JpegImageFile image mode=RGB size=1024x842 at 0x183BC902210>,what image modality is this?,chest x-ray
<PIL.JpegImagePlugin.JpegImageFile image mode=RGB size=1019x1280 at 0x183BC902350>,what are the hyperdense findings in the mediastinum?,sternal wires
<PIL.JpegImagePlugin.JpegImageFile image mode=RGB size=1019x1280 at 0x183BC902490>,what are seen as hyperdense in the mediastinum of this image?,sternal wires
<PIL.JpegImagePlugin.JpegImageFile image mode=RGB size=423x465 at 0x183BC9025D0>,any evidence of epidural or subdural hematoma?,no
<PIL.JpegImagePlugin.JpegImageFile image mode=RGB size=423x465 at 0x183BC902710>,are there epidural or subdural bleeds as well?,no
<PIL.JpegImagePlugin.JpegImageFile image mode=RGB size=555x695 at 0x183BC902850>,is there evidence of hemorrhage?,no
<PIL.JpegImagePlugin.JpegImageFile image mode=RGB size=555x695 at 0x183BC902990>,is the mass hemorrhagic?,no
<PIL.JpegImagePlugin.JpegImageFile image mode=RGB size=1024x1286 at 0x183BC902AD0>,was this chest x ray taken in pa format?,yes
<PIL.JpegImagePlugin.JpegImageFile image mode=RGB size=987x1200 at 0x183BC902C10>,what is the abnormality seen above the heart on the patient's right side?,right sided aortic arch
<PIL.JpegImagePlugin.JpegImageFile image mode=RGB size=987x1200 at 0x183BC902D50>,what is the bump seen above the heart on the patient's right side?,right sided aortic arch
<PIL.JpegImagePlugin.JpegImageFile image mode=RGB size=910x1138 at 0x183BC902E90>,brain structure shown in this image?,cerebellum
<PIL.JpegImagePlugin.JpegImageFile image mode=RGB size=910x1138 at 0x183BC902FD0>,what part of the brain is seen in this image?,cerebellum
<PIL.JpegImagePlugin.JpegImageFile image mode=RGB size=316x418 at 0x183BC903110>,what lobe of the brain is the lesion located in?,right frontal lobe
<PIL.JpegImagePlugin.JpegImageFile image mode=RGB size=316x418 at 0x183BC903250>,where is the brain lesion located?,right frontal lobe
<PIL.JpegImagePlugin.JpegImageFile image mode=RGB size=861x913 at 0x183BC903390>,in what plane is the above taken?,pa
<PIL.JpegImagePlugin.JpegImageFile image mode=RGB size=555x640 at 0x183BC9034D0>,is the image above oriented in the axial plane?,yes
<PIL.JpegImagePlugin.JpegImageFile image mode=RGB size=512x512 at 0x183BC903610>,is this image taken with or without contrast?,with contrast
<PIL.JpegImagePlugin.JpegImageFile image mode=RGB size=512x512 at 0x183BC903750>,was contrast used to take this image?,with contrast
<PIL.JpegImagePlugin.JpegImageFile image mode=RGB size=960x1200 at 0x183BC903890>,is the stomach thickening regular and uniform or ragged/asymmetrical?,asymmetric
<PIL.JpegImagePlugin.JpegImageFile image mode=RGB size=1024x1245 at 0x183BC9039D0>,are there any bone fractures present?,no
<PIL.JpegImagePlugin.JpegImageFile image mode=RGB size=1024x1245 at 0x183BC903B10>,does the patient have any bone fractures?,no
<PIL.JpegImagePlugin.JpegImageFile image mode=RGB size=1024x1310 at 0x183BC903C50>,are the patients' ribs symmetric on both sides?,no
<PIL.JpegImagePlugin.JpegImageFile image mode=RGB size=1024x1310 at 0x183BC903D90>,is there symmetry of the patient's ribs on both sides?,no
<PIL.JpegImagePlugin.JpegImageFile image mode=RGB size=446x438 at 0x183BC903ED0>,what is the location of the mass?,sella and suprasellar cistern
<PIL.JpegImagePlugin.JpegImageFile image mode=RGB size=446x438 at 0x183BC934050>,where is the mass located?,sella and suprasellar cistern
<PIL.JpegImagePlugin.JpegImageFile image mode=RGB size=480x480 at 0x183BC934190>,mri imaging modality used for this image?,t2 weighted
<PIL.JpegImagePlugin.JpegImageFile image mode=RGB size=480x480 at 0x183BC9342D0>,what type of mri is used to acquire this image?,t2 weighted
<PIL.JpegImagePlugin.JpegImageFile image mode=RGB size=512x512 at 0x183BC934410>,"the patient's left contains a bright round organ, what is it?",left kidney
<PIL.JpegImagePlugin.JpegImageFile image mode=RGB size=512x512 at 0x183BC934550>,what is the bright round organ seen on the patient's left?,left kidney
<PIL.JpegImagePlugin.JpegImageFile image mode=RGB size=960x1200 at 0x183BC934690>,is the stomach wall thickening symmetric or asymmetric?,asymmetric
<PIL.JpegImagePlugin.JpegImageFile image mode=RGB size=446x438 at 0x183BC9347D0>,what organ system is shown in the above image?,brain
<PIL.JpegImagePlugin.JpegImageFile image mode=RGB size=446x438 at 0x183BC934910>,what is the organ system in this image?,brain
<PIL.JpegImagePlugin.JpegImageFile image mode=RGB size=480x480 at 0x183BC934A50>,does this image show edema?,yes
<PIL.JpegImagePlugin.JpegImageFile image mode=RGB size=480x480 at 0x183BC934B90>,is there edema?,yes
<PIL.JpegImagePlugin.JpegImageFile image mode=RGB size=555x640 at 0x183BC934CD0>,what cranial nerves may be affected by the lesion seen in the above image?,oculomotor nerve (cn iii) and trigeminal nerves (cn v)
<PIL.JpegImagePlugin.JpegImageFile image mode=RGB size=555x640 at 0x183BC934E10>,which cranial nerves are possibly affected by this lesion?,oculomotor nerve (cn iii) and trigeminal nerves (cn v)
<PIL.JpegImagePlugin.JpegImageFile image mode=RGB size=960x720 at 0x183BC934F50>,is this taken in the axial plane?,yes
<PIL.JpegImagePlugin.JpegImageFile image mode=RGB size=1024x585 at 0x183BC935090>,are the colon walls thickened?,yes
<PIL.JpegImagePlugin.JpegImageFile image mode=RGB size=1024x585 at 0x183BC9351D0>,are the walls of the colon thickened?,yes
<PIL.JpegImagePlugin.JpegImageFile image mode=RGB size=256x256 at 0x183BC935310>,what type of mri is this?,t2
<PIL.JpegImagePlugin.JpegImageFile image mode=RGB size=800x713 at 0x183BC935450>,is there evidence of ectopic tissue present in surrounding organs?,no
<PIL.JpegImagePlugin.JpegImageFile image mode=RGB size=256x256 at 0x183BC935590>,what is the modality of this mri?,t2
<PIL.JpegImagePlugin.JpegImageFile image mode=RGB size=987x1200 at 0x183BC9356D0>,imaging modality used to take this image?,pa xray
<PIL.JpegImagePlugin.JpegImageFile image mode=RGB size=987x1200 at 0x183BC935810>,what imaging modality is used to acquire this picture?,pa xray
<PIL.JpegImagePlugin.JpegImageFile image mode=RGB size=316x418 at 0x183BC935950>,what mri imaging sequence is shown above?,t2 weighted
<PIL.JpegImagePlugin.JpegImageFile image mode=RGB size=316x418 at 0x183BC935A90>,what type of mri is shown in the above image?,t2 weighted
<PIL.JpegImagePlugin.JpegImageFile image mode=RGB size=861x913 at 0x183BC935BD0>,is the image an ct scan?,no
<PIL.JpegImagePlugin.JpegImageFile image mode=RGB size=512x512 at 0x183BC935D10>,was this image taken with or without contrast?,with contrast
<PIL.JpegImagePlugin.JpegImageFile image mode=RGB size=512x512 at 0x183BC935E50>,was contrast used to take this image?,yes
<PIL.JpegImagePlugin.JpegImageFile image mode=RGB size=689x688 at 0x183BC935F90>,did the patient ingest contrast prior to taking this image?,yes
<PIL.JpegImagePlugin.JpegImageFile image mode=RGB size=689x688 at 0x183BC9360D0>,was contrast used in this image?,yes
<PIL.JpegImagePlugin.JpegImageFile image mode=RGB size=800x713 at 0x183BC936210>,is there evidence of metastatic tissue on organs surrounding the liver?,no
<PIL.JpegImagePlugin.JpegImageFile image mode=RGB size=316x418 at 0x183BC936350>,does the lesion above enhance?,no
<PIL.JpegImagePlugin.JpegImageFile image mode=RGB size=316x418 at 0x183BC936490>,is there enhancement of the lesion?,no
<PIL.JpegImagePlugin.JpegImageFile image mode=RGB size=512x512 at 0x183BC9365D0>,is the consistency of the abscess located in the left upper quadrant homogeneous or heterogeneous?,heterogeneous
<PIL.JpegImagePlugin.JpegImageFile image mode=RGB size=512x512 at 0x183BC936710>,is the abscess in the left upper quadrant homogenous or heterogenous?,heterogeneous
<PIL.JpegImagePlugin.JpegImageFile image mode=RGB size=1024x1022 at 0x183BC936850>,is there a pneumothorax seen in the above image?,no
<PIL.JpegImagePlugin.JpegImageFile image mode=RGB size=1024x1022 at 0x183BC936990>,is there a pneumothorax present?,no
<PIL.JpegImagePlugin.JpegImageFile image mode=RGB size=555x619 at 0x183BC936AD0>,what ventricle is the lesion compressing?,4th ventricle
<PIL.JpegImagePlugin.JpegImageFile image mode=RGB size=555x619 at 0x183BC936C10>,which ventricle is compressed by the lesion?,4th ventricle
<PIL.JpegImagePlugin.JpegImageFile image mode=RGB size=910x1138 at 0x183BC936D50>,is this a noncontrast ct?,yes
<PIL.JpegImagePlugin.JpegImageFile image mode=RGB size=960x720 at 0x183BC936E90>,where do you see a large hematoma?,right lateral ventricle
<PIL.JpegImagePlugin.JpegImageFile image mode=RGB size=534x666 at 0x183BC936FD0>,where is the abnormality?,left temporal lobe
<PIL.JpegImagePlugin.JpegImageFile image mode=RGB size=986x1200 at 0x183BC937110>,are lung opacities noted?,no
<PIL.JpegImagePlugin.JpegImageFile image mode=RGB size=960x720 at 0x183BC937250>,where is the large hematoma located?,right lateral ventricle
<PIL.JpegImagePlugin.JpegImageFile image mode=RGB size=555x576 at 0x183BC937390>,what organ system is shown in the above image?,brain
<PIL.JpegImagePlugin.JpegImageFile image mode=RGB size=555x576 at 0x183BC9374D0>,which organ system is shown in the image?,brain
<PIL.JpegImagePlugin.JpegImageFile image mode=RGB size=256x256 at 0x183BC937610>,mri imaging modality used?,dwi
<PIL.JpegImagePlugin.JpegImageFile image mode=RGB size=256x256 at 0x183BC937750>,what type of mri is the above image?,dwi
<PIL.JpegImagePlugin.JpegImageFile image mode=RGB size=480x480 at 0x183BC937890>,does the image show midline shift?,yes
<PIL.JpegImagePlugin.JpegImageFile image mode=RGB size=480x480 at 0x183BC9379D0>,is there midline shift?,yes
<PIL.JpegImagePlugin.JpegImageFile image mode=RGB size=861x913 at 0x183BC937B10>,does the heart look enlarged?,no
<PIL.JpegImagePlugin.JpegImageFile image mode=RGB size=861x913 at 0x183BC937C50>,is the heart enlarged?,no
<PIL.JpegImagePlugin.JpegImageFile image mode=RGB size=256x256 at 0x183BC937D90>,in what plane is the image above captured?,axial
<PIL.JpegImagePlugin.JpegImageFile image mode=RGB size=986x1200 at 0x183BC937ED0>,is there evidence of intraparenchymal lung nodules?,no
<PIL.JpegImagePlugin.JpegImageFile image mode=RGB size=689x688 at 0x183BC96C050>,what organ contains multiple lesions in the above image?,kidneys
<PIL.JpegImagePlugin.JpegImageFile image mode=RGB size=689x688 at 0x183BC96C190>,which organ has multiple lesions?,kidneys
<PIL.JpegImagePlugin.JpegImageFile image mode=RGB size=1024x1286 at 0x183BC96C2D0>,is the heart larger than normal?,no
<PIL.JpegImagePlugin.JpegImageFile image mode=RGB size=1024x1286 at 0x183BC96C410>,is the heart enlarged?,no
<PIL.JpegImagePlugin.JpegImageFile image mode=RGB size=1024x846 at 0x183BC96C550>,how was this image taken?,x-ray
<PIL.JpegImagePlugin.JpegImageFile image mode=RGB size=1024x846 at 0x183BC96C690>,what imaging modality is seen?,x-ray
<PIL.JpegImagePlugin.JpegImageFile image mode=RGB size=256x256 at 0x183BC96C7D0>,does this image show midline shift?,yes
<PIL.JpegImagePlugin.JpegImageFile image mode=RGB size=256x256 at 0x183BC96C910>,is there midline shift in this image?,yes
<PIL.JpegImagePlugin.JpegImageFile image mode=RGB size=1024x1157 at 0x183BC96CA50>,what organ system is being imaged?,chest
<PIL.JpegImagePlugin.JpegImageFile image mode=RGB size=555x576 at 0x183BC96CB90>,how was this mri taken?,dwi
<PIL.JpegImagePlugin.JpegImageFile image mode=RGB size=337x451 at 0x183BC96CCD0>,are there calcifications in the cerebral arteries?,yes
<PIL.JpegImagePlugin.JpegImageFile image mode=RGB size=555x576 at 0x183BC96CE10>,what type of mri is this?,dwi
<PIL.JpegImagePlugin.JpegImageFile image mode=RGB size=1024x1286 at 0x183BC96CF50>,in which lobes do you see a higher density of masses?,upper lobes
<PIL.JpegImagePlugin.JpegImageFile image mode=RGB size=1024x1286 at 0x183BC96D090>,which lobes of the lung contain a higher density of masses?,upper lobes
<PIL.JpegImagePlugin.JpegImageFile image mode=RGB size=960x720 at 0x183BC96D1D0>,is there mass shift pathology?,no
<PIL.JpegImagePlugin.JpegImageFile image mode=RGB size=960x720 at 0x183BC96D310>,is there any mass shift?,no
<PIL.JpegImagePlugin.JpegImageFile image mode=RGB size=910x1138 at 0x183BC96D450>,in what plane is this image taken?,axial
<PIL.JpegImagePlugin.JpegImageFile image mode=RGB size=960x720 at 0x183BC96D590>,what imaging modality is used?,mri - t1 weighted
<PIL.JpegImagePlugin.JpegImageFile image mode=RGB size=1024x1157 at 0x183BC96D6D0>,is this a pa film?,yes
<PIL.JpegImagePlugin.JpegImageFile image mode=RGB size=1024x1245 at 0x183BC96D810>,are there multiple lesions in the chest of the above patient?,no
<PIL.JpegImagePlugin.JpegImageFile image mode=RGB size=1024x1245 at 0x183BC96D950>,does this patient have multiple lesions in their chest?,no
<PIL.JpegImagePlugin.JpegImageFile image mode=RGB size=337x451 at 0x183BC96DA90>,is there evidence of calcifications in the cerebral arteries?,yes
<PIL.JpegImagePlugin.JpegImageFile image mode=RGB size=1024x846 at 0x183BC96DBD0>,the azygoesophageal recess is deviated in which direction?,right
<PIL.JpegImagePlugin.JpegImageFile image mode=RGB size=1024x846 at 0x183BC96DD10>,which direction is the azygoesophageal recess deviated?,right
<PIL.JpegImagePlugin.JpegImageFile image mode=RGB size=1024x1022 at 0x183BC96DE50>,in which side is the hemidiaphragm elevated?,right
<PIL.JpegImagePlugin.JpegImageFile image mode=RGB size=1024x1022 at 0x183BC96DF90>,which diaphragm is elevated?,right
<PIL.JpegImagePlugin.JpegImageFile image mode=RGB size=1024x585 at 0x183BC96E0D0>,does the image show pericolonic fat stranding?,yes
<PIL.JpegImagePlugin.JpegImageFile image mode=RGB size=1024x585 at 0x183BC96E210>,is there pericolic fat stranding?,yes
<PIL.JpegImagePlugin.JpegImageFile image mode=RGB size=256x256 at 0x183BC96E350>,is this an image of the brain?,yes
<PIL.JpegImagePlugin.JpegImageFile image mode=RGB size=555x619 at 0x183BC96E490>,is this mri with contrast or without contrast?,with contrast
<PIL.JpegImagePlugin.JpegImageFile image mode=RGB size=555x619 at 0x183BC96E5D0>,was this mri taken with or without contrast?,with contrast
<PIL.JpegImagePlugin.JpegImageFile image mode=RGB size=861x913 at 0x183BC96E710>,are the pulmonary nodules diffuse in the chest or lateralized to one side?,diffuse
<PIL.JpegImagePlugin.JpegImageFile image mode=RGB size=1024x840 at 0x183BC96E850>,is there evidence of a right apical pneumothorax on this chest x-ray?,yes
<PIL.JpegImagePlugin.JpegImageFile image mode=RGB size=861x913 at 0x183BC96E990>,is the location of the pulmonary nodules diffuse or lateralized to one side?,diffuse
<PIL.JpegImagePlugin.JpegImageFile image mode=RGB size=540x500 at 0x183BC96EAD0>,are the lesions only in one lobe?,no
<PIL.JpegImagePlugin.JpegImageFile image mode=RGB size=540x500 at 0x183BC96EC10>,are the opacities confined to one lung lobe?,no
<PIL.JpegImagePlugin.JpegImageFile image mode=RGB size=512x512 at 0x183BC96ED50>,is the lesion in the image enhancing?,no
<PIL.JpegImagePlugin.JpegImageFile image mode=RGB size=512x512 at 0x183BC96EE90>,is the mass contrast-enhancing?,no
<PIL.JpegImagePlugin.JpegImageFile image mode=RGB size=910x1138 at 0x183BC96EFD0>,where is the lesion located?,left cerebellum
<PIL.JpegImagePlugin.JpegImageFile image mode=RGB size=910x1138 at 0x183BC96F110>,where is the abnormality in this image?,left cerebellum
<PIL.JpegImagePlugin.JpegImageFile image mode=RGB size=389x461 at 0x183BC96F250>,is the cortex atrophied?,no
<PIL.JpegImagePlugin.JpegImageFile image mode=RGB size=389x461 at 0x183BC96F390>,is there cortical atrophy?,no
<PIL.JpegImagePlugin.JpegImageFile image mode=RGB size=1024x715 at 0x183BC96F4D0>,are these masses encompassing the aorta?,no
<PIL.JpegImagePlugin.JpegImageFile image mode=RGB size=1024x840 at 0x183BC96F610>,is a pneumothorax present near the right lung field?,yes
<PIL.JpegImagePlugin.JpegImageFile image mode=RGB size=1024x715 at 0x183BC96F750>,are the liver masses growing around the aorta?,no
<PIL.JpegImagePlugin.JpegImageFile image mode=RGB size=899x925 at 0x183BC96F890>,is this a mid-sagittal film?,no
<PIL.JpegImagePlugin.JpegImageFile image mode=RGB size=1024x870 at 0x183BC96F9D0>,is there free air under the diaphragm?,no
<PIL.JpegImagePlugin.JpegImageFile image mode=RGB size=1024x870 at 0x183BC96FB10>,is there air in the abdominal cavity?,no
<PIL.JpegImagePlugin.JpegImageFile image mode=RGB size=1024x1023 at 0x183BC96FC50>,is this an axial image?,no
<PIL.JpegImagePlugin.JpegImageFile image mode=RGB size=378x378 at 0x183BC96FD90>,is a skull fracture present?,no
<PIL.JpegImagePlugin.JpegImageFile image mode=RGB size=378x378 at 0x183BC96FED0>,is the skull fractured?,no
<PIL.JpegImagePlugin.JpegImageFile image mode=RGB size=512x512 at 0x183BC998050>,what are the hyperdensities on the periphery of the left side,ribs
<PIL.JpegImagePlugin.JpegImageFile image mode=RGB size=512x512 at 0x183BC998190>,what are the foci of hyperdensities on the left?,ribs
<PIL.JpegImagePlugin.JpegImageFile image mode=RGB size=378x378 at 0x183BC9982D0>,where is the abnormality in this image?,choroid plexus
<PIL.JpegImagePlugin.JpegImageFile image mode=RGB size=732x516 at 0x183BC998410>,are the branches of the superior mesenteric arteries filled with contrast?,yes
<PIL.JpegImagePlugin.JpegImageFile image mode=RGB size=378x378 at 0x183BC998550>,where is the mass located?,lateral ventricles
<PIL.JpegImagePlugin.JpegImageFile image mode=RGB size=643x768 at 0x183BC998690>,is there free air under the diaphragm?,no
<PIL.JpegImagePlugin.JpegImageFile image mode=RGB size=643x768 at 0x183BC9987D0>,is subdiaphragmatic free air present?,no
<PIL.JpegImagePlugin.JpegImageFile image mode=RGB size=1024x1245 at 0x183BC998910>,are there any consolidations present in the lungs?,no
<PIL.JpegImagePlugin.JpegImageFile image mode=RGB size=1024x1245 at 0x183BC998A50>,are there any pulmonary consolidations?,no
<PIL.JpegImagePlugin.JpegImageFile image mode=RGB size=502x333 at 0x183BC998B90>,is the vertebrae fractured?,no
<PIL.JpegImagePlugin.JpegImageFile image mode=RGB size=502x333 at 0x183BC998CD0>,is there a vertebral fracture?,no
<PIL.JpegImagePlugin.JpegImageFile image mode=RGB size=899x925 at 0x183BC998E10>,why are the chostrochondral junctions not seen on this film?,cartilage is not well viewed by x rays
<PIL.JpegImagePlugin.JpegImageFile image mode=RGB size=899x925 at 0x183BC998F50>,is the heart shadow abnormally large?,no
<PIL.JpegImagePlugin.JpegImageFile image mode=RGB size=899x925 at 0x183BC999090>,is the cardiac silhouette enlarged?,no
<PIL.JpegImagePlugin.JpegImageFile image mode=RGB size=732x516 at 0x183BC9991D0>,are the branches of the superior mesenteric arteries hyper attenuated?,yes
<PIL.JpegImagePlugin.JpegImageFile image mode=RGB size=1011x1200 at 0x183BC999310>,is there a pneumothorax?,no
<PIL.JpegImagePlugin.JpegImageFile image mode=RGB size=1011x1200 at 0x183BC999450>,is a pneumothorax present?,no
<PIL.JpegImagePlugin.JpegImageFile image mode=RGB size=1024x1023 at 0x183BC999590>,is there pneumothorax?,no
<PIL.JpegImagePlugin.JpegImageFile image mode=RGB size=1024x1023 at 0x183BC9996D0>,how can you tell there is no pneumothorax present?,lung markings present all the way laterally to the ribs
<PIL.JpegImagePlugin.JpegImageFile image mode=RGB size=1024x642 at 0x183BC999810>,is the pelvis of the left kidney dilated?,no
<PIL.JpegImagePlugin.JpegImageFile image mode=RGB size=1024x642 at 0x183BC999950>,is the left renal pelvis dilated?,no
<PIL.JpegImagePlugin.JpegImageFile image mode=RGB size=1024x1023 at 0x183BC999A90>,why is the right lung most common location for aspirations?,the right mainstem bronchus is more in line with the trachea than the left
<PIL.JpegImagePlugin.JpegImageFile image mode=RGB size=512x512 at 0x183BC999BD0>,is the bowel perforated?,no
<PIL.JpegImagePlugin.JpegImageFile image mode=RGB size=512x512 at 0x183BC999D10>,is there bowel perforation present?,no
<PIL.JpegImagePlugin.JpegImageFile image mode=RGB size=389x461 at 0x183BC999E50>,can the white and gray matter be differentiated?,yes
<PIL.JpegImagePlugin.JpegImageFile image mode=RGB size=1024x1304 at 0x183BC999F90>,are there any fractures in any of the ribs?,no
<PIL.JpegImagePlugin.JpegImageFile image mode=RGB size=389x461 at 0x183BC99A0D0>,is there good gray-white matter differentiation?,yes
<PIL.JpegImagePlugin.JpegImageFile image mode=RGB size=643x768 at 0x183BC99A210>,are there cilia present at the level of alveoli?,no
<PIL.JpegImagePlugin.JpegImageFile image mode=RGB size=899x925 at 0x183BC99A350>,are any of the ribs fractured?,no
<PIL.JpegImagePlugin.JpegImageFile image mode=RGB size=899x925 at 0x183BC99A490>,are there rib fractures present?,no
<PIL.JpegImagePlugin.JpegImageFile image mode=RGB size=540x500 at 0x183BC99A5D0>,does a blocked alveoli cause a v/q mismatch?,yes
<PIL.JpegImagePlugin.JpegImageFile image mode=RGB size=1024x557 at 0x183BC99A710>,what radiographic sign is seen in the intestines,air fluid level
<PIL.JpegImagePlugin.JpegImageFile image mode=RGB size=1024x557 at 0x183BC99A850>,what is the finding in lumen of the intestine called?,air fluid level
<PIL.JpegImagePlugin.JpegImageFile image mode=RGB size=1024x759 at 0x183BC99A990>,what are the multiple round hyperdensities located immediately inferior to the musculature?,intestine
<PIL.JpegImagePlugin.JpegImageFile image mode=RGB size=1024x759 at 0x183BC99AAD0>,what are the anterior circular hyperdensities?,intestine
<PIL.JpegImagePlugin.JpegImageFile image mode=RGB size=910x1138 at 0x183BC99AC10>,are the ventricles enlarged?,no
<PIL.JpegImagePlugin.JpegImageFile image mode=RGB size=1024x1304 at 0x183BC99AD50>,are any of the patient's ribs fractured?,no
<PIL.JpegImagePlugin.JpegImageFile image mode=RGB size=910x1138 at 0x183BC99AE90>,is there ventricular enlargement?,no
<PIL.JpegImagePlugin.JpegImageFile image mode=RGB size=1024x1245 at 0x183BC99AFD0>,what is the air under the left hemidiaphragm?,stomach bubble
<PIL.JpegImagePlugin.JpegImageFile image mode=RGB size=1024x1245 at 0x183BC99B110>,what is hyperdensity under the diaphragm on the left?,stomach bubble
<PIL.JpegImagePlugin.JpegImageFile image mode=RGB size=768x908 at 0x183BC99B250>,where is the infarct?,left cerebellum
<PIL.JpegImagePlugin.JpegImageFile image mode=RGB size=768x908 at 0x183BC99B390>,which vessel is infarcted in this image?,right pica
<PIL.JpegImagePlugin.JpegImageFile image mode=RGB size=1024x753 at 0x183BC99B4D0>,what signs of cerebral edema are present?,sulcal effacement
<PIL.JpegImagePlugin.JpegImageFile image mode=RGB size=1024x753 at 0x183BC99B610>,which signs of edema are visualized here?,sulcal effacement
<PIL.JpegImagePlugin.JpegImageFile image mode=RGB size=502x333 at 0x183BC99B750>,is the mass surrounding the aorta?,no
<PIL.JpegImagePlugin.JpegImageFile image mode=RGB size=502x333 at 0x183BC99B890>,is the aorta encompassed by the mass?,no
<PIL.JpegImagePlugin.JpegImageFile image mode=RGB size=768x908 at 0x183BC99B9D0>,what area of cerebrum is visible?,temporal lobe
<PIL.JpegImagePlugin.JpegImageFile image mode=RGB size=1024x1307 at 0x183BC99BB10>,is there blunting of the costovertebral angles?,no
<PIL.JpegImagePlugin.JpegImageFile image mode=RGB size=512x512 at 0x183BC99BC50>,is there evidence of fluid in the peritoneal cavity?,no
<PIL.JpegImagePlugin.JpegImageFile image mode=RGB size=768x908 at 0x183BC99BD90>,which lobe of the cerebrum is visible?,temporal lobe
<PIL.JpegImagePlugin.JpegImageFile image mode=RGB size=1024x642 at 0x183BC99BED0>,which vertebral level is this image?,l2
<PIL.JpegImagePlugin.JpegImageFile image mode=RGB size=1024x642 at 0x183BC9CC050>,what level of the spine is most likely seen here?,l2-3
<PIL.JpegImagePlugin.JpegImageFile image mode=RGB size=540x500 at 0x183BC9CC190>,what else do you need in order to localize lesions on a cxr?,lateral film as well as pa
<PIL.JpegImagePlugin.JpegImageFile image mode=RGB size=1024x1023 at 0x183BC9CC2D0>,is the trachea deviated from midline?,no
<PIL.JpegImagePlugin.JpegImageFile image mode=RGB size=1024x1023 at 0x183BC9CC410>,is there tracheal deviation?,no
<PIL.JpegImagePlugin.JpegImageFile image mode=RGB size=389x461 at 0x183BC9CC550>,where is the lesion located?,left occipital lobe
<PIL.JpegImagePlugin.JpegImageFile image mode=RGB size=389x461 at 0x183BC9CC690>,which lobe is the lesion in?,left occipital lobe
<PIL.JpegImagePlugin.JpegImageFile image mode=RGB size=643x768 at 0x183BC9CC7D0>,can x rays be used to identify liver lesions?,no
<PIL.JpegImagePlugin.JpegImageFile image mode=RGB size=1024x753 at 0x183BC9CC910>,where is the lesion located?,right temporal lobe
<PIL.JpegImagePlugin.JpegImageFile image mode=RGB size=512x512 at 0x183BC9CCA50>,is there evidence of ascites?,no
<PIL.JpegImagePlugin.JpegImageFile image mode=RGB size=1024x753 at 0x183BC9CCB90>,where is the cortical lesion?,right temporal lobe
<PIL.JpegImagePlugin.JpegImageFile image mode=RGB size=1024x557 at 0x183BC9CCCD0>,is the pancreatic mass enhancing?,no
<PIL.JpegImagePlugin.JpegImageFile image mode=RGB size=1024x557 at 0x183BC9CCE10>,is the mass in the pancreas enhancing?,no
<PIL.JpegImagePlugin.JpegImageFile image mode=RGB size=1024x1023 at 0x183BC9CCF50>,what does the black on an x ray indicate?,air
<PIL.JpegImagePlugin.JpegImageFile image mode=RGB size=1024x557 at 0x183BC9CD090>,can ct be used to assess soft tissues?,yes
<PIL.JpegImagePlugin.JpegImageFile image mode=RGB size=540x500 at 0x183BC9CD1D0>,are the hemidiaphragms flattened?,no
<PIL.JpegImagePlugin.JpegImageFile image mode=RGB size=540x500 at 0x183BC9CD310>,is the diaphragm flattened on either side,no
<PIL.JpegImagePlugin.JpegImageFile image mode=RGB size=502x333 at 0x183BC9CD450>,is the bowel perforated?,no
<PIL.JpegImagePlugin.JpegImageFile image mode=RGB size=502x333 at 0x183BC9CD590>,is there sign of perforated bowel?,no
<PIL.JpegImagePlugin.JpegImageFile image mode=RGB size=512x512 at 0x183BC9CD6D0>,where is the abnormality in this image?,left kidney
<PIL.JpegImagePlugin.JpegImageFile image mode=RGB size=1024x421 at 0x183BC9CD810>,has the small bowel perforated?,no
<PIL.JpegImagePlugin.JpegImageFile image mode=RGB size=512x512 at 0x183BC9CD950>,where is the lesion located?,left kidney
<PIL.JpegImagePlugin.JpegImageFile image mode=RGB size=910x1138 at 0x183BC9CDA90>,are any fractures present?,no
<PIL.JpegImagePlugin.JpegImageFile image mode=RGB size=910x1138 at 0x183BC9CDBD0>,is there a skull fracture?,no
<PIL.JpegImagePlugin.JpegImageFile image mode=RGB size=768x908 at 0x183BC9CDD10>,is there a skull fracture present?,no
<PIL.JpegImagePlugin.JpegImageFile image mode=RGB size=768x908 at 0x183BC9CDE50>,is the skull fractured?,no
<PIL.JpegImagePlugin.JpegImageFile image mode=RGB size=739x942 at 0x183BC9CDF90>,is the cardiac silhouette enlarged?,no
<PIL.JpegImagePlugin.JpegImageFile image mode=RGB size=739x942 at 0x183BC9CE0D0>,is the heart size abnormal,no
<PIL.JpegImagePlugin.JpegImageFile image mode=RGB size=350x407 at 0x183BC9CE210>,is there a subarachnoid bleed in the image?,no
<PIL.JpegImagePlugin.JpegImageFile image mode=RGB size=350x407 at 0x183BC9CE350>,is a subarachnoid bleed present?,no
<PIL.JpegImagePlugin.JpegImageFile image mode=RGB size=1024x759 at 0x183BC9CE490>,what material is the peripheral hypodensity?,fat
<PIL.JpegImagePlugin.JpegImageFile image mode=RGB size=1024x421 at 0x183BC9CE5D0>,is there evidence of pneumoperitoneum?,yes
<PIL.JpegImagePlugin.JpegImageFile image mode=RGB size=1024x759 at 0x183BC9CE710>,what is the the dark gray surrounding the periphery of the image?,fat
<PIL.JpegImagePlugin.JpegImageFile image mode=RGB size=512x512 at 0x183BC9CE850>,does the right kidney show signs of hydronephrosis?,no
<PIL.JpegImagePlugin.JpegImageFile image mode=RGB size=512x512 at 0x183BC9CE990>,is the right kidney abnormal here?,no
<PIL.JpegImagePlugin.JpegImageFile image mode=RGB size=540x500 at 0x183BC9CEAD0>,is the aorta abnormally wide?,no
<PIL.JpegImagePlugin.JpegImageFile image mode=RGB size=540x500 at 0x183BC9CEC10>,is the aortic knob widened?,no
<PIL.JpegImagePlugin.JpegImageFile image mode=RGB size=1011x1200 at 0x183BC9CED50>,is the trachea normal?,yes
<PIL.JpegImagePlugin.JpegImageFile image mode=RGB size=1011x1200 at 0x183BC9CEE90>,is the trachea midline?,yes
<PIL.JpegImagePlugin.JpegImageFile image mode=RGB size=350x407 at 0x183BC9CEFD0>,are the cortexes atrophied here?,no
<PIL.JpegImagePlugin.JpegImageFile image mode=RGB size=350x407 at 0x183BC9CF110>,is cortical atrophy present?,no
<PIL.JpegImagePlugin.JpegImageFile image mode=RGB size=643x768 at 0x183BC9CF250>,is there a pneumothorax?,no
<PIL.JpegImagePlugin.JpegImageFile image mode=RGB size=1024x1105 at 0x183BC9CF390>,is this the small bowel on this image?,yes
<PIL.JpegImagePlugin.JpegImageFile image mode=RGB size=643x768 at 0x183BC9CF4D0>,is a pneuomothorax present?,no
<PIL.JpegImagePlugin.JpegImageFile image mode=RGB size=670x804 at 0x183BC9CF610>,is the skull fractured?,no
<PIL.JpegImagePlugin.JpegImageFile image mode=RGB size=670x804 at 0x183BC9CF750>,is there a skull fracture?,no
<PIL.JpegImagePlugin.JpegImageFile image mode=RGB size=1024x642 at 0x183BC9CF890>,if the mass compressed the left renal vein in a male	what else might you expect to see?,varicocele
<PIL.JpegImagePlugin.JpegImageFile image mode=RGB size=1001x1280 at 0x183BC9CF9D0>,are the clavicles fractured?,no
<PIL.JpegImagePlugin.JpegImageFile image mode=RGB size=1001x1280 at 0x183BC9CFB10>,is a clavicular fracture present?,no
<PIL.JpegImagePlugin.JpegImageFile image mode=RGB size=512x512 at 0x183BC9CFC50>,is the liver lacerated?,no
<PIL.JpegImagePlugin.JpegImageFile image mode=RGB size=512x512 at 0x183BC9CFD90>,is there damage to the liver?,no
<PIL.JpegImagePlugin.JpegImageFile image mode=RGB size=1024x557 at 0x183BC9CFED0>,what does the small white lesions in the aorta mean,calcification
<PIL.JpegImagePlugin.JpegImageFile image mode=RGB size=1024x557 at 0x183E4848050>,what do the hyperdensities in the aorta suggest?,calcification
<PIL.JpegImagePlugin.JpegImageFile image mode=RGB size=1024x1311 at 0x183E4848190>,are feces located in the colon?,yes
<PIL.JpegImagePlugin.JpegImageFile image mode=RGB size=1011x1200 at 0x183E48482D0>,is a pleural effusion present?,no
<PIL.JpegImagePlugin.JpegImageFile image mode=RGB size=1011x1200 at 0x183E4848410>,is there a pleural effusion?,no
<PIL.JpegImagePlugin.JpegImageFile image mode=RGB size=1024x1310 at 0x183E4848550>,is this in the coronal plane?,no
<PIL.JpegImagePlugin.JpegImageFile image mode=RGB size=1024x1245 at 0x183E4848690>,is there lymphadenopathy?,no
<PIL.JpegImagePlugin.JpegImageFile image mode=RGB size=1024x1245 at 0x183E48487D0>,is lymphadenopathy present?,no
<PIL.JpegImagePlugin.JpegImageFile image mode=RGB size=555x608 at 0x183E4848910>,are the ventricles unaltered?,no
<PIL.JpegImagePlugin.JpegImageFile image mode=RGB size=555x608 at 0x183E4848A50>,are the ventricles normal?,no
<PIL.JpegImagePlugin.JpegImageFile image mode=RGB size=1024x1310 at 0x183E4848B90>,what is the shape of the mass?,elliptical
<PIL.JpegImagePlugin.JpegImageFile image mode=RGB size=1024x1310 at 0x183E4848CD0>,what is the form of the mass?,elliptical
<PIL.JpegImagePlugin.JpegImageFile image mode=RGB size=1024x1080 at 0x183E4848E10>,describe the borders of the lesion.,smooth
<PIL.JpegImagePlugin.JpegImageFile image mode=RGB size=1024x1311 at 0x183E4848F50>,is there stool in the colon?,yes
<PIL.JpegImagePlugin.JpegImageFile image mode=RGB size=1024x1080 at 0x183E4849090>,how are the borders of the lesion?,smooth
<PIL.JpegImagePlugin.JpegImageFile image mode=RGB size=400x473 at 0x183E48491D0>,what is the location of the mass?,left temporal horn
<PIL.JpegImagePlugin.JpegImageFile image mode=RGB size=400x473 at 0x183E4849310>,where is the mass?,left temporal horn
<PIL.JpegImagePlugin.JpegImageFile image mode=RGB size=1024x964 at 0x183E4849450>,is the mass heterogenous?,yes
<PIL.JpegImagePlugin.JpegImageFile image mode=RGB size=1024x964 at 0x183E4849590>,is the mass varied?,yes
<PIL.JpegImagePlugin.JpegImageFile image mode=RGB size=532x768 at 0x183E48496D0>,is there mass effect seen on this image?,yes
<PIL.JpegImagePlugin.JpegImageFile image mode=RGB size=532x768 at 0x183E4849810>,is there bulging of structures in this image?,yes
<PIL.JpegImagePlugin.JpegImageFile image mode=RGB size=555x693 at 0x183E4849950>,can you name the organ captured by this image?,brain
<PIL.JpegImagePlugin.JpegImageFile image mode=RGB size=555x693 at 0x183E4849A90>,how would you describe the lesion?,ring-enhancing
<PIL.JpegImagePlugin.JpegImageFile image mode=RGB size=555x693 at 0x183E4849BD0>,what is this type of lesion called?,ring-enhancing
<PIL.JpegImagePlugin.JpegImageFile image mode=RGB size=555x747 at 0x183E4849D10>,do the left and right middle cerebral arteries appear patent on this section?,yes
<PIL.JpegImagePlugin.JpegImageFile image mode=RGB size=465x540 at 0x183E4849E50>,what is the location of the abnormality?,right lung
<PIL.JpegImagePlugin.JpegImageFile image mode=RGB size=465x540 at 0x183E4849F90>,where is the abnormality?,right lung
<PIL.JpegImagePlugin.JpegImageFile image mode=RGB size=976x903 at 0x183E484A0D0>,what is the location of the abnormality?,right side of the trachea
<PIL.JpegImagePlugin.JpegImageFile image mode=RGB size=976x903 at 0x183E484A210>,where is the abnormality?,right side of the trachea
<PIL.JpegImagePlugin.JpegImageFile image mode=RGB size=555x608 at 0x183E484A350>,the bottom of the image indicates what area of the brain?,posterior brain
<PIL.JpegImagePlugin.JpegImageFile image mode=RGB size=555x693 at 0x183E484A490>,is there edema present near the lesion?,yes
<PIL.JpegImagePlugin.JpegImageFile image mode=RGB size=555x693 at 0x183E484A5D0>,is there fluid accumulation near the lesion?,yes
<PIL.JpegImagePlugin.JpegImageFile image mode=RGB size=516x730 at 0x183E484A710>,are there abnormal findings?,yes
<PIL.JpegImagePlugin.JpegImageFile image mode=RGB size=516x730 at 0x183E484A850>,is anything irregular in this image?,yes
<PIL.JpegImagePlugin.JpegImageFile image mode=RGB size=555x608 at 0x183E484A990>,what injury does this brain image suggest?,hypoxic ischemic injury
<PIL.JpegImagePlugin.JpegImageFile image mode=RGB size=555x747 at 0x183E484AAD0>,is the left and right mca present?,yes
<PIL.JpegImagePlugin.JpegImageFile image mode=RGB size=555x608 at 0x183E484AC10>,what is evinced by this brain image?,loss of normal gray-white matter junction
<PIL.JpegImagePlugin.JpegImageFile image mode=RGB size=465x540 at 0x183E484AD50>,is this an image of normal physiology?,no
<PIL.JpegImagePlugin.JpegImageFile image mode=RGB size=465x540 at 0x183E484AE90>,is this patient healthy?,no
<PIL.JpegImagePlugin.JpegImageFile image mode=RGB size=1024x964 at 0x183E484AFD0>,what is the location of the lesion?,abdomen and pelvis
<PIL.JpegImagePlugin.JpegImageFile image mode=RGB size=1024x964 at 0x183E484B110>,where is the lesion?,abdomen and pelvis
<PIL.JpegImagePlugin.JpegImageFile image mode=RGB size=1024x842 at 0x183E484B250>,are the airway walls thickened in the bases?,yes
<PIL.JpegImagePlugin.JpegImageFile image mode=RGB size=1024x842 at 0x183E484B390>,is there increased airway wall thickening of the bilateral bases?,yes
<PIL.JpegImagePlugin.JpegImageFile image mode=RGB size=590x480 at 0x183E484B4D0>,is the heart enlarged?,no
<PIL.JpegImagePlugin.JpegImageFile image mode=RGB size=590x480 at 0x183E484B610>,is there cardiomegaly?,no
<PIL.JpegImagePlugin.JpegImageFile image mode=RGB size=465x540 at 0x183E484B750>,are there abnormalities seen in the lungs?,yes
<PIL.JpegImagePlugin.JpegImageFile image mode=RGB size=556x635 at 0x183E484B890>,is this a t2 weighted image?,yes
<PIL.JpegImagePlugin.JpegImageFile image mode=RGB size=1024x1080 at 0x183E484B9D0>,how would you describe the location of the lesion?,retrocardiac
<PIL.JpegImagePlugin.JpegImageFile image mode=RGB size=1024x1080 at 0x183E484BB10>,where is the lesion located?,retrocardiac
<PIL.JpegImagePlugin.JpegImageFile image mode=RGB size=465x540 at 0x183E484BC50>,where is the nodule?,below the 7th rib in the right lung.
<PIL.JpegImagePlugin.JpegImageFile image mode=RGB size=465x540 at 0x183E484BD90>,what is the abnormality?,single lung nodule
<PIL.JpegImagePlugin.JpegImageFile image mode=RGB size=1024x842 at 0x183E484BED0>,are there abnormalities?,yes
<PIL.JpegImagePlugin.JpegImageFile image mode=RGB size=1024x842 at 0x183E487C050>,is anything wrong in this image?,yes
<PIL.JpegImagePlugin.JpegImageFile image mode=RGB size=976x903 at 0x183E487C190>,is anything wrong in the image?,yes
<PIL.JpegImagePlugin.JpegImageFile image mode=RGB size=976x903 at 0x183E487C2D0>,is there an abnormality?,yes
<PIL.JpegImagePlugin.JpegImageFile image mode=RGB size=400x473 at 0x183E487C410>,are there other abnormalities besides the mass in the temporal horn?,yes
<PIL.JpegImagePlugin.JpegImageFile image mode=RGB size=400x473 at 0x183E487C550>,"besides the mass in the temporal horn, are there other enhancements in the image?",yes
